production_id,site_id,product_id,business_date,planned_qty,actual_qty,uom
P_2025-11-15_DSH_CHBIRYANI,SITE_KIT_01,DSH_CHBIRYANI,2025-11-15,76,75,portion
P_2025-11-15_DSH_VGBIRYANI,SITE_KIT_01,DSH_VGBIRYANI,2025-11-15,48,48,portion
P_2025-11-15_DSH_PBM,SITE_KIT_01,DSH_PBM,2025-11-15,79,81,portion
P_2025-11-15_DSH_GOBIMANCH,SITE_KIT_01,DSH_GOBIMANCH,2025-11-15,59,58,portion
P_2025-11-15_DSH_PALAK,SITE_KIT_01,DSH_PALAK,2025-11-15,45,47,portion
P_2025-11-15_DSH_NAAN,SITE_KIT_01,DSH_NAAN,2025-11-15,204,200,portion
P_2025-11-15_DSH_ROTI,SITE_KIT_01,DSH_ROTI,2025-11-15,147,107,portion
P_2025-11-15_DSH_JEERARICE,SITE_KIT_01,DSH_JEERARICE,2025-11-15,69,70,portion
P_2025-11-15_DSH_DALTADKA,SITE_KIT_01,DSH_DALTADKA,2025-11-15,83,80,portion
P_2025-11-15_DSH_ROGANJOSH,SITE_KIT_01,DSH_ROGANJOSH,2025-11-15,37,37,portion
P_2025-11-15_DSH_VEGPULAO,SITE_KIT_01,DSH_VEGPULAO,2025-11-15,38,39,portion
P_2025-11-15_DSH_DOSA,SITE_KIT_01,DSH_DOSA,2025-11-15,83,74,portion
P_2025-11-15_DSH_MIXVEG,SITE_KIT_01,DSH_MIXVEG,2025-11-15,52,51,portion
P_2025-11-15_DSH_FISHCURRY,SITE_KIT_01,DSH_FISHCURRY,2025-11-15,36,36,portion
P_2025-11-15_DSH_SIDES,SITE_KIT_01,DSH_SIDES,2025-11-15,270,270,portion
P_2025-11-16_DSH_CHBIRYANI,SITE_KIT_01,DSH_CHBIRYANI,2025-11-16,64,62,portion
P_2025-11-16_DSH_VGBIRYANI,SITE_KIT_01,DSH_VGBIRYANI,2025-11-16,42,41,portion
P_2025-11-16_DSH_PBM,SITE_KIT_01,DSH_PBM,2025-11-16,69,69,portion
P_2025-11-16_DSH_GOBIMANCH,SITE_KIT_01,DSH_GOBIMANCH,2025-11-16,51,51,portion
P_2025-11-16_DSH_PALAK,SITE_KIT_01,DSH_PALAK,2025-11-16,39,39,portion
P_2025-11-16_DSH_NAAN,SITE_KIT_01,DSH_NAAN,2025-11-16,173,174,portion
P_2025-11-16_DSH_ROTI,SITE_KIT_01,DSH_ROTI,2025-11-16,129,120,portion
P_2025-11-16_DSH_JEERARICE,SITE_KIT_01,DSH_JEERARICE,2025-11-16,60,60,portion
P_2025-11-16_DSH_DALTADKA,SITE_KIT_01,DSH_DALTADKA,2025-11-16,72,67,portion
P_2025-11-16_DSH_ROGANJOSH,SITE_KIT_01,DSH_ROGANJOSH,2025-11-16,31,32,portion
P_2025-11-16_DSH_VEGPULAO,SITE_KIT_01,DSH_VEGPULAO,2025-11-16,33,33,portion
P_2025-11-16_DSH_DOSA,SITE_KIT_01,DSH_DOSA,2025-11-16,84,66,portion
P_2025-11-16_DSH_MIXVEG,SITE_KIT_01,DSH_MIXVEG,2025-11-16,45,44,portion
P_2025-11-16_DSH_FISHCURRY,SITE_KIT_01,DSH_FISHCURRY,2025-11-16,31,32,portion
P_2025-11-16_DSH_SIDES,SITE_KIT_01,DSH_SIDES,2025-11-16,252,252,portion
P_2025-11-17_DSH_CHBIRYANI,SITE_KIT_01,DSH_CHBIRYANI,2025-11-17,36,36,portion
P_2025-11-17_DSH_VGBIRYANI,SITE_KIT_01,DSH_VGBIRYANI,2025-11-17,27,26,portion
P_2025-11-17_DSH_PBM,SITE_KIT_01,DSH_PBM,2025-11-17,53,51,portion
P_2025-11-17_DSH_GOBIMANCH,SITE_KIT_01,DSH_GOBIMANCH,2025-11-17,32,31,portion
P_2025-11-17_DSH_PALAK,SITE_KIT_01,DSH_PALAK,2025-11-17,25,25,portion
P_2025-11-17_DSH_NAAN,SITE_KIT_01,DSH_NAAN,2025-11-17,114,93,portion
P_2025-11-17_DSH_ROTI,SITE_KIT_01,DSH_ROTI,2025-11-17,81,88,portion
P_2025-11-17_DSH_JEERARICE,SITE_KIT_01,DSH_JEERARICE,2025-11-17,38,39,portion
P_2025-11-17_DSH_DALTADKA,SITE_KIT_01,DSH_DALTADKA,2025-11-17,46,47,portion
P_2025-11-17_DSH_ROGANJOSH,SITE_KIT_01,DSH_ROGANJOSH,2025-11-17,15,15,portion
P_2025-11-17_DSH_VEGPULAO,SITE_KIT_01,DSH_VEGPULAO,2025-11-17,21,21,portion
P_2025-11-17_DSH_DOSA,SITE_KIT_01,DSH_DOSA,2025-11-17,65,57,portion
P_2025-11-17_DSH_MIXVEG,SITE_KIT_01,DSH_MIXVEG,2025-11-17,29,28,portion
P_2025-11-17_DSH_FISHCURRY,SITE_KIT_01,DSH_FISHCURRY,2025-11-17,19,18,portion
P_2025-11-17_DSH_SIDES,SITE_KIT_01,DSH_SIDES,2025-11-17,167,167,portion
P_2025-11-18_DSH_CHBIRYANI,SITE_KIT_01,DSH_CHBIRYANI,2025-11-18,38,39,portion
P_2025-11-18_DSH_VGBIRYANI,SITE_KIT_01,DSH_VGBIRYANI,2025-11-18,37,36,portion
P_2025-11-18_DSH_PBM,SITE_KIT_01,DSH_PBM,2025-11-18,45,46,portion
P_2025-11-18_DSH_GOBIMANCH,SITE_KIT_01,DSH_GOBIMANCH,2025-11-18,34,34,portion
P_2025-11-18_DSH_PALAK,SITE_KIT_01,DSH_PALAK,2025-11-18,26,26,portion
P_2025-11-18_DSH_NAAN,SITE_KIT_01,DSH_NAAN,2025-11-18,117,99,portion
P_2025-11-18_DSH_ROTI,SITE_KIT_01,DSH_ROTI,2025-11-18,84,76,portion
P_2025-11-18_DSH_JEERARICE,SITE_KIT_01,DSH_JEERARICE,2025-11-18,40,41,portion
P_2025-11-18_DSH_DALTADKA,SITE_KIT_01,DSH_DALTADKA,2025-11-18,47,45,portion
P_2025-11-18_DSH_ROGANJOSH,SITE_KIT_01,DSH_ROGANJOSH,2025-11-18,16,16,portion
P_2025-11-18_DSH_VEGPULAO,SITE_KIT_01,DSH_VEGPULAO,2025-11-18,22,22,portion
P_2025-11-18_DSH_DOSA,SITE_KIT_01,DSH_DOSA,2025-11-18,64,54,portion
P_2025-11-18_DSH_MIXVEG,SITE_KIT_01,DSH_MIXVEG,2025-11-18,30,30,portion
P_2025-11-18_DSH_FISHCURRY,SITE_KIT_01,DSH_FISHCURRY,2025-11-18,20,20,portion
P_2025-11-18_DSH_SIDES,SITE_KIT_01,DSH_SIDES,2025-11-18,158,158,portion
P_2025-11-19_DSH_CHBIRYANI,SITE_KIT_01,DSH_CHBIRYANI,2025-11-19,41,43,portion
P_2025-11-19_DSH_VGBIRYANI,SITE_KIT_01,DSH_VGBIRYANI,2025-11-19,29,29,portion
P_2025-11-19_DSH_PBM,SITE_KIT_01,DSH_PBM,2025-11-19,48,48,portion
P_2025-11-19_DSH_GOBIMANCH,SITE_KIT_01,DSH_GOBIMANCH,2025-11-19,36,36,portion
P_2025-11-19_DSH_PALAK,SITE_KIT_01,DSH_PALAK,2025-11-19,27,28,portion
P_2025-11-19_DSH_NAAN,SITE_KIT_01,DSH_NAAN,2025-11-19,125,97,portion
P_2025-11-19_DSH_ROTI,SITE_KIT_01,DSH_ROTI,2025-11-19,89,82,portion
P_2025-11-19_DSH_JEERARICE,SITE_KIT_01,DSH_JEERARICE,2025-11-19,42,43,portion
P_2025-11-19_DSH_DALTADKA,SITE_KIT_01,DSH_DALTADKA,2025-11-19,50,52,portion
P_2025-11-19_DSH_ROGANJOSH,SITE_KIT_01,DSH_ROGANJOSH,2025-11-19,18,18,portion
P_2025-11-19_DSH_VEGPULAO,SITE_KIT_01,DSH_VEGPULAO,2025-11-19,23,23,portion
P_2025-11-19_DSH_DOSA,SITE_KIT_01,DSH_DOSA,2025-11-19,82,68,portion
P_2025-11-19_DSH_MIXVEG,SITE_KIT_01,DSH_MIXVEG,2025-11-19,31,31,portion
P_2025-11-19_DSH_FISHCURRY,SITE_KIT_01,DSH_FISHCURRY,2025-11-19,21,21,portion
P_2025-11-19_DSH_SIDES,SITE_KIT_01,DSH_SIDES,2025-11-19,164,164,portion
P_2025-11-20_DSH_CHBIRYANI,SITE_KIT_01,DSH_CHBIRYANI,2025-11-20,45,47,portion
P_2025-11-20_DSH_VGBIRYANI,SITE_KIT_01,DSH_VGBIRYANI,2025-11-20,32,32,portion
P_2025-11-20_DSH_PBM,SITE_KIT_01,DSH_PBM,2025-11-20,52,51,portion
P_2025-11-20_DSH_GOBIMANCH,SITE_KIT_01,DSH_GOBIMANCH,2025-11-20,39,39,portion
P_2025-11-20_DSH_PALAK,SITE_KIT_01,DSH_PALAK,2025-11-20,30,30,portion
P_2025-11-20_DSH_NAAN,SITE_KIT_01,DSH_NAAN,2025-11-20,136,138,portion
P_2025-11-20_DSH_ROTI,SITE_KIT_01,DSH_ROTI,2025-11-20,97,73,portion
P_2025-11-20_DSH_JEERARICE,SITE_KIT_01,DSH_JEERARICE,2025-11-20,46,48,portion
P_2025-11-20_DSH_DALTADKA,SITE_KIT_01,DSH_DALTADKA,2025-11-20,55,54,portion
P_2025-11-20_DSH_ROGANJOSH,SITE_KIT_01,DSH_ROGANJOSH,2025-11-20,20,20,portion
P_2025-11-20_DSH_VEGPULAO,SITE_KIT_01,DSH_VEGPULAO,2025-11-20,25,25,portion
P_2025-11-20_DSH_DOSA,SITE_KIT_01,DSH_DOSA,2025-11-20,65,49,portion
P_2025-11-20_DSH_MIXVEG,SITE_KIT_01,DSH_MIXVEG,2025-11-20,34,34,portion
P_2025-11-20_DSH_FISHCURRY,SITE_KIT_01,DSH_FISHCURRY,2025-11-20,22,22,portion
P_2025-11-20_DSH_SIDES,SITE_KIT_01,DSH_SIDES,2025-11-20,188,188,portion
P_2025-11-21_DSH_CHBIRYANI,SITE_KIT_01,DSH_CHBIRYANI,2025-11-21,79,77,portion
P_2025-11-21_DSH_VGBIRYANI,SITE_KIT_01,DSH_VGBIRYANI,2025-11-21,42,43,portion
P_2025-11-21_DSH_PBM,SITE_KIT_01,DSH_PBM,2025-11-21,68,67,portion
P_2025-11-21_DSH_GOBIMANCH,SITE_KIT_01,DSH_GOBIMANCH,2025-11-21,51,50,portion
P_2025-11-21_DSH_PALAK,SITE_KIT_01,DSH_PALAK,2025-11-21,39,40,portion
P_2025-11-21_DSH_NAAN,SITE_KIT_01,DSH_NAAN,2025-11-21,177,191,portion
P_2025-11-21_DSH_ROTI,SITE_KIT_01,DSH_ROTI,2025-11-21,127,145,portion
P_2025-11-21_DSH_JEERARICE,SITE_KIT_01,DSH_JEERARICE,2025-11-21,60,58,portion
P_2025-11-21_DSH_DALTADKA,SITE_KIT_01,DSH_DALTADKA,2025-11-21,72,76,portion
P_2025-11-21_DSH_ROGANJOSH,SITE_KIT_01,DSH_ROGANJOSH,2025-11-21,33,32,portion
P_2025-11-21_DSH_VEGPULAO,SITE_KIT_01,DSH_VEGPULAO,2025-11-21,33,32,portion
P_2025-11-21_DSH_DOSA,SITE_KIT_01,DSH_DOSA,2025-11-21,71,63,portion
P_2025-11-21_DSH_MIXVEG,SITE_KIT_01,DSH_MIXVEG,2025-11-21,45,43,portion
P_2025-11-21_DSH_FISHCURRY,SITE_KIT_01,DSH_FISHCURRY,2025-11-21,31,29,portion
P_2025-11-21_DSH_SIDES,SITE_KIT_01,DSH_SIDES,2025-11-21,255,255,portion
P_2025-11-22_DSH_CHBIRYANI,SITE_KIT_01,DSH_CHBIRYANI,2025-11-22,72,71,portion
P_2025-11-22_DSH_VGBIRYANI,SITE_KIT_01,DSH_VGBIRYANI,2025-11-22,46,45,portion
P_2025-11-22_DSH_PBM,SITE_KIT_01,DSH_PBM,2025-11-22,76,76,portion
P_2025-11-22_DSH_GOBIMANCH,SITE_KIT_01,DSH_GOBIMANCH,2025-11-22,56,56,portion
P_2025-11-22_DSH_PALAK,SITE_KIT_01,DSH_PALAK,2025-11-22,43,44,portion
P_2025-11-22_DSH_NAAN,SITE_KIT_01,DSH_NAAN,2025-11-22,196,180,portion
P_2025-11-22_DSH_ROTI,SITE_KIT_01,DSH_ROTI,2025-11-22,141,134,portion
P_2025-11-22_DSH_JEERARICE,SITE_KIT_01,DSH_JEERARICE,2025-11-22,66,66,portion
P_2025-11-22_DSH_DALTADKA,SITE_KIT_01,DSH_DALTADKA,2025-11-22,80,80,portion
P_2025-11-22_DSH_ROGANJOSH,SITE_KIT_01,DSH_ROGANJOSH,2025-11-22,35,35,portion
P_2025-11-22_DSH_VEGPULAO,SITE_KIT_01,DSH_VEGPULAO,2025-11-22,37,36,portion
P_2025-11-22_DSH_DOSA,SITE_KIT_01,DSH_DOSA,2025-11-22,80,69,portion
P_2025-11-22_DSH_MIXVEG,SITE_KIT_01,DSH_MIXVEG,2025-11-22,50,49,portion
P_2025-11-22_DSH_FISHCURRY,SITE_KIT_01,DSH_FISHCURRY,2025-11-22,35,33,portion
P_2025-11-22_DSH_SIDES,SITE_KIT_01,DSH_SIDES,2025-11-22,269,269,portion
P_2025-11-23_DSH_CHBIRYANI,SITE_KIT_01,DSH_CHBIRYANI,2025-11-23,57,57,portion
P_2025-11-23_DSH_VGBIRYANI,SITE_KIT_01,DSH_VGBIRYANI,2025-11-23,37,36,portion
P_2025-11-23_DSH_PBM,SITE_KIT_01,DSH_PBM,2025-11-23,61,63,portion
P_2025-11-23_DSH_GOBIMANCH,SITE_KIT_01,DSH_GOBIMANCH,2025-11-23,46,46,portion
P_2025-11-23_DSH_PALAK,SITE_KIT_01,DSH_PALAK,2025-11-23,35,35,portion
P_2025-11-23_DSH_NAAN,SITE_KIT_01,DSH_NAAN,2025-11-23,154,141,portion
P_2025-11-23_DSH_ROTI,SITE_KIT_01,DSH_ROTI,2025-11-23,114,107,portion
P_2025-11-23_DSH_JEERARICE,SITE_KIT_01,DSH_JEERARICE,2025-11-23,54,54,portion
P_2025-11-23_DSH_DALTADKA,SITE_KIT_01,DSH_DALTADKA,2025-11-23,64,65,portion
P_2025-11-23_DSH_ROGANJOSH,SITE_KIT_01,DSH_ROGANJOSH,2025-11-23,28,27,portion
P_2025-11-23_DSH_VEGPULAO,SITE_KIT_01,DSH_VEGPULAO,2025-11-23,29,30,portion
P_2025-11-23_DSH_DOSA,SITE_KIT_01,DSH_DOSA,2025-11-23,75,54,portion
P_2025-11-23_DSH_MIXVEG,SITE_KIT_01,DSH_MIXVEG,2025-11-23,40,41,portion
P_2025-11-23_DSH_FISHCURRY,SITE_KIT_01,DSH_FISHCURRY,2025-11-23,27,26,portion
P_2025-11-23_DSH_SIDES,SITE_KIT_01,DSH_SIDES,2025-11-23,215,215,portion
P_2025-11-24_DSH_CHBIRYANI,SITE_KIT_01,DSH_CHBIRYANI,2025-11-24,37,37,portion
P_2025-11-24_DSH_VGBIRYANI,SITE_KIT_01,DSH_VGBIRYANI,2025-11-24,27,27,portion
P_2025-11-24_DSH_PBM,SITE_KIT_01,DSH_PBM,2025-11-24,54,52,portion
P_2025-11-24_DSH_GOBIMANCH,SITE_KIT_01,DSH_GOBIMANCH,2025-11-24,33,33,portion
P_2025-11-24_DSH_PALAK,SITE_KIT_01,DSH_PALAK,2025-11-24,25,24,portion
P_2025-11-24_DSH_NAAN,SITE_KIT_01,DSH_NAAN,2025-11-24,115,96,portion
P_2025-11-24_DSH_ROTI,SITE_KIT_01,DSH_ROTI,2025-11-24,82,84,portion
P_2025-11-24_DSH_JEERARICE,SITE_KIT_01,DSH_JEERARICE,2025-11-24,38,39,portion
P_2025-11-24_DSH_DALTADKA,SITE_KIT_01,DSH_DALTADKA,2025-11-24,46,44,portion
P_2025-11-24_DSH_ROGANJOSH,SITE_KIT_01,DSH_ROGANJOSH,2025-11-24,15,15,portion
P_2025-11-24_DSH_VEGPULAO,SITE_KIT_01,DSH_VEGPULAO,2025-11-24,21,21,portion
P_2025-11-24_DSH_DOSA,SITE_KIT_01,DSH_DOSA,2025-11-24,66,61,portion
P_2025-11-24_DSH_MIXVEG,SITE_KIT_01,DSH_MIXVEG,2025-11-24,29,29,portion
P_2025-11-24_DSH_FISHCURRY,SITE_KIT_01,DSH_FISHCURRY,2025-11-24,19,19,portion
P_2025-11-24_DSH_SIDES,SITE_KIT_01,DSH_SIDES,2025-11-24,168,168,portion
P_2025-11-25_DSH_CHBIRYANI,SITE_KIT_01,DSH_CHBIRYANI,2025-11-25,38,38,portion
P_2025-11-25_DSH_VGBIRYANI,SITE_KIT_01,DSH_VGBIRYANI,2025-11-25,38,37,portion
P_2025-11-25_DSH_PBM,SITE_KIT_01,DSH_PBM,2025-11-25,46,45,portion
P_2025-11-25_DSH_GOBIMANCH,SITE_KIT_01,DSH_GOBIMANCH,2025-11-25,34,34,portion
P_2025-11-25_DSH_PALAK,SITE_KIT_01,DSH_PALAK,2025-11-25,26,27,portion
P_2025-11-25_DSH_NAAN,SITE_KIT_01,DSH_NAAN,2025-11-25,118,97,portion
P_2025-11-25_DSH_ROTI,SITE_KIT_01,DSH_ROTI,2025-11-25,85,72,portion
P_2025-11-25_DSH_JEERARICE,SITE_KIT_01,DSH_JEERARICE,2025-11-25,40,41,portion
P_2025-11-25_DSH_DALTADKA,SITE_KIT_01,DSH_DALTADKA,2025-11-25,48,48,portion
P_2025-11-25_DSH_ROGANJOSH,SITE_KIT_01,DSH_ROGANJOSH,2025-11-25,16,15,portion
P_2025-11-25_DSH_VEGPULAO,SITE_KIT_01,DSH_VEGPULAO,2025-11-25,22,23,portion
P_2025-11-25_DSH_DOSA,SITE_KIT_01,DSH_DOSA,2025-11-25,65,61,portion
P_2025-11-25_DSH_MIXVEG,SITE_KIT_01,DSH_MIXVEG,2025-11-25,30,29,portion
P_2025-11-25_DSH_FISHCURRY,SITE_KIT_01,DSH_FISHCURRY,2025-11-25,20,20,portion
P_2025-11-25_DSH_SIDES,SITE_KIT_01,DSH_SIDES,2025-11-25,159,159,portion
P_2025-11-26_DSH_CHBIRYANI,SITE_KIT_01,DSH_CHBIRYANI,2025-11-26,41,41,portion
P_2025-11-26_DSH_VGBIRYANI,SITE_KIT_01,DSH_VGBIRYANI,2025-11-26,30,29,portion
P_2025-11-26_DSH_PBM,SITE_KIT_01,DSH_PBM,2025-11-26,48,50,portion
P_2025-11-26_DSH_GOBIMANCH,SITE_KIT_01,DSH_GOBIMANCH,2025-11-26,36,35,portion
P_2025-11-26_DSH_PALAK,SITE_KIT_01,DSH_PALAK,2025-11-26,27,29,portion
P_2025-11-26_DSH_NAAN,SITE_KIT_01,DSH_NAAN,2025-11-26,126,133,portion
P_2025-11-26_DSH_ROTI,SITE_KIT_01,DSH_ROTI,2025-11-26,90,80,portion
P_2025-11-26_DSH_JEERARICE,SITE_KIT_01,DSH_JEERARICE,2025-11-26,42,44,portion
P_2025-11-26_DSH_DALTADKA,SITE_KIT_01,DSH_DALTADKA,2025-11-26,51,49,portion
P_2025-11-26_DSH_ROGANJOSH,SITE_KIT_01,DSH_ROGANJOSH,2025-11-26,18,18,portion
P_2025-11-26_DSH_VEGPULAO,SITE_KIT_01,DSH_VEGPULAO,2025-11-26,23,24,portion
P_2025-11-26_DSH_DOSA,SITE_KIT_01,DSH_DOSA,2025-11-26,83,75,portion
P_2025-11-26_DSH_MIXVEG,SITE_KIT_01,DSH_MIXVEG,2025-11-26,32,31,portion
P_2025-11-26_DSH_FISHCURRY,SITE_KIT_01,DSH_FISHCURRY,2025-11-26,21,21,portion
P_2025-11-26_DSH_SIDES,SITE_KIT_01,DSH_SIDES,2025-11-26,168,168,portion
P_2025-11-27_DSH_CHBIRYANI,SITE_KIT_01,DSH_CHBIRYANI,2025-11-27,45,44,portion
P_2025-11-27_DSH_VGBIRYANI,SITE_KIT_01,DSH_VGBIRYANI,2025-11-27,32,31,portion
P_2025-11-27_DSH_PBM,SITE_KIT_01,DSH_PBM,2025-11-27,53,53,portion
P_2025-11-27_DSH_GOBIMANCH,SITE_KIT_01,DSH_GOBIMANCH,2025-11-27,39,40,portion
P_2025-11-27_DSH_PALAK,SITE_KIT_01,DSH_PALAK,2025-11-27,30,31,portion
P_2025-11-27_DSH_NAAN,SITE_KIT_01,DSH_NAAN,2025-11-27,137,110,portion
P_2025-11-27_DSH_ROTI,SITE_KIT_01,DSH_ROTI,2025-11-27,98,94,portion
P_2025-11-27_DSH_JEERARICE,SITE_KIT_01,DSH_JEERARICE,2025-11-27,46,46,portion
P_2025-11-27_DSH_DALTADKA,SITE_KIT_01,DSH_DALTADKA,2025-11-27,55,55,portion
P_2025-11-27_DSH_ROGANJOSH,SITE_KIT_01,DSH_ROGANJOSH,2025-11-27,20,19,portion
P_2025-11-27_DSH_VEGPULAO,SITE_KIT_01,DSH_VEGPULAO,2025-11-27,25,24,portion
P_2025-11-27_DSH_DOSA,SITE_KIT_01,DSH_DOSA,2025-11-27,66,67,portion
P_2025-11-27_DSH_MIXVEG,SITE_KIT_01,DSH_MIXVEG,2025-11-27,35,33,portion
P_2025-11-27_DSH_FISHCURRY,SITE_KIT_01,DSH_FISHCURRY,2025-11-27,22,22,portion
P_2025-11-27_DSH_SIDES,SITE_KIT_01,DSH_SIDES,2025-11-27,185,185,portion
P_2025-11-28_DSH_CHBIRYANI,SITE_KIT_01,DSH_CHBIRYANI,2025-11-28,70,69,portion
P_2025-11-28_DSH_VGBIRYANI,SITE_KIT_01,DSH_VGBIRYANI,2025-11-28,37,37,portion
P_2025-11-28_DSH_PBM,SITE_KIT_01,DSH_PBM,2025-11-28,61,64,portion
P_2025-11-28_DSH_GOBIMANCH,SITE_KIT_01,DSH_GOBIMANCH,2025-11-28,45,45,portion
P_2025-11-28_DSH_PALAK,SITE_KIT_01,DSH_PALAK,2025-11-28,34,34,portion
P_2025-11-28_DSH_NAAN,SITE_KIT_01,DSH_NAAN,2025-11-28,157,160,portion
P_2025-11-28_DSH_ROTI,SITE_KIT_01,DSH_ROTI,2025-11-28,113,115,portion
P_2025-11-28_DSH_JEERARICE,SITE_KIT_01,DSH_JEERARICE,2025-11-28,53,57,portion
P_2025-11-28_DSH_DALTADKA,SITE_KIT_01,DSH_DALTADKA,2025-11-28,64,64,portion
P_2025-11-28_DSH_ROGANJOSH,SITE_KIT_01,DSH_ROGANJOSH,2025-11-28,29,30,portion
P_2025-11-28_DSH_VEGPULAO,SITE_KIT_01,DSH_VEGPULAO,2025-11-28,29,29,portion
P_2025-11-28_DSH_DOSA,SITE_KIT_01,DSH_DOSA,2025-11-28,63,58,portion
P_2025-11-28_DSH_MIXVEG,SITE_KIT_01,DSH_MIXVEG,2025-11-28,40,41,portion
P_2025-11-28_DSH_FISHCURRY,SITE_KIT_01,DSH_FISHCURRY,2025-11-28,28,28,portion
P_2025-11-28_DSH_SIDES,SITE_KIT_01,DSH_SIDES,2025-11-28,227,227,portion
P_2025-11-29_DSH_CHBIRYANI,SITE_KIT_01,DSH_CHBIRYANI,2025-11-29,73,71,portion
P_2025-11-29_DSH_VGBIRYANI,SITE_KIT_01,DSH_VGBIRYANI,2025-11-29,47,47,portion
P_2025-11-29_DSH_PBM,SITE_KIT_01,DSH_PBM,2025-11-29,77,77,portion
P_2025-11-29_DSH_GOBIMANCH,SITE_KIT_01,DSH_GOBIMANCH,2025-11-29,57,57,portion
P_2025-11-29_DSH_PALAK,SITE_KIT_01,DSH_PALAK,2025-11-29,44,44,portion
P_2025-11-29_DSH_NAAN,SITE_KIT_01,DSH_NAAN,2025-11-29,198,183,portion
P_2025-11-29_DSH_ROTI,SITE_KIT_01,DSH_ROTI,2025-11-29,143,122,portion
P_2025-11-29_DSH_JEERARICE,SITE_KIT_01,DSH_JEERARICE,2025-11-29,67,68,portion
P_2025-11-29_DSH_DALTADKA,SITE_KIT_01,DSH_DALTADKA,2025-11-29,80,79,portion
P_2025-11-29_DSH_ROGANJOSH,SITE_KIT_01,DSH_ROGANJOSH,2025-11-29,36,37,portion
P_2025-11-29_DSH_VEGPULAO,SITE_KIT_01,DSH_VEGPULAO,2025-11-29,37,36,portion
P_2025-11-29_DSH_DOSA,SITE_KIT_01,DSH_DOSA,2025-11-29,80,64,portion
P_2025-11-29_DSH_MIXVEG,SITE_KIT_01,DSH_MIXVEG,2025-11-29,50,51,portion
P_2025-11-29_DSH_FISHCURRY,SITE_KIT_01,DSH_FISHCURRY,2025-11-29,35,36,portion
P_2025-11-29_DSH_SIDES,SITE_KIT_01,DSH_SIDES,2025-11-29,265,265,portion
P_2025-11-30_DSH_CHBIRYANI,SITE_KIT_01,DSH_CHBIRYANI,2025-11-30,65,66,portion
P_2025-11-30_DSH_VGBIRYANI,SITE_KIT_01,DSH_VGBIRYANI,2025-11-30,43,43,portion
P_2025-11-30_DSH_PBM,SITE_KIT_01,DSH_PBM,2025-11-30,70,70,portion
P_2025-11-30_DSH_GOBIMANCH,SITE_KIT_01,DSH_GOBIMANCH,2025-11-30,52,53,portion
P_2025-11-30_DSH_PALAK,SITE_KIT_01,DSH_PALAK,2025-11-30,40,38,portion
P_2025-11-30_DSH_NAAN,SITE_KIT_01,DSH_NAAN,2025-11-30,176,152,portion
P_2025-11-30_DSH_ROTI,SITE_KIT_01,DSH_ROTI,2025-11-30,131,128,portion
P_2025-11-30_DSH_JEERARICE,SITE_KIT_01,DSH_JEERARICE,2025-11-30,61,59,portion
P_2025-11-30_DSH_DALTADKA,SITE_KIT_01,DSH_DALTADKA,2025-11-30,74,73,portion
P_2025-11-30_DSH_ROGANJOSH,SITE_KIT_01,DSH_ROGANJOSH,2025-11-30,32,32,portion
P_2025-11-30_DSH_VEGPULAO,SITE_KIT_01,DSH_VEGPULAO,2025-11-30,34,34,portion
P_2025-11-30_DSH_DOSA,SITE_KIT_01,DSH_DOSA,2025-11-30,86,81,portion
P_2025-11-30_DSH_MIXVEG,SITE_KIT_01,DSH_MIXVEG,2025-11-30,46,46,portion
P_2025-11-30_DSH_FISHCURRY,SITE_KIT_01,DSH_FISHCURRY,2025-11-30,31,30,portion
P_2025-11-30_DSH_SIDES,SITE_KIT_01,DSH_SIDES,2025-11-30,259,259,portion
P_2025-12-01_DSH_CHBIRYANI,SITE_KIT_01,DSH_CHBIRYANI,2025-12-01,37,38,portion
P_2025-12-01_DSH_VGBIRYANI,SITE_KIT_01,DSH_VGBIRYANI,2025-12-01,27,27,portion
P_2025-12-01_DSH_PBM,SITE_KIT_01,DSH_PBM,2025-12-01,54,55,portion
P_2025-12-01_DSH_GOBIMANCH,SITE_KIT_01,DSH_GOBIMANCH,2025-12-01,33,32,portion
P_2025-12-01_DSH_PALAK,SITE_KIT_01,DSH_PALAK,2025-12-01,25,24,portion
P_2025-12-01_DSH_NAAN,SITE_KIT_01,DSH_NAAN,2025-12-01,116,135,portion
P_2025-12-01_DSH_ROTI,SITE_KIT_01,DSH_ROTI,2025-12-01,82,80,portion
P_2025-12-01_DSH_JEERARICE,SITE_KIT_01,DSH_JEERARICE,2025-12-01,39,40,portion
P_2025-12-01_DSH_DALTADKA,SITE_KIT_01,DSH_DALTADKA,2025-12-01,46,47,portion
P_2025-12-01_DSH_ROGANJOSH,SITE_KIT_01,DSH_ROGANJOSH,2025-12-01,15,14,portion
P_2025-12-01_DSH_VEGPULAO,SITE_KIT_01,DSH_VEGPULAO,2025-12-01,21,21,portion
P_2025-12-01_DSH_DOSA,SITE_KIT_01,DSH_DOSA,2025-12-01,66,62,portion
P_2025-12-01_DSH_MIXVEG,SITE_KIT_01,DSH_MIXVEG,2025-12-01,29,30,portion
P_2025-12-01_DSH_FISHCURRY,SITE_KIT_01,DSH_FISHCURRY,2025-12-01,19,19,portion
P_2025-12-01_DSH_SIDES,SITE_KIT_01,DSH_SIDES,2025-12-01,176,176,portion
P_2025-12-02_DSH_CHBIRYANI,SITE_KIT_01,DSH_CHBIRYANI,2025-12-02,39,39,portion
P_2025-12-02_DSH_VGBIRYANI,SITE_KIT_01,DSH_VGBIRYANI,2025-12-02,38,38,portion
P_2025-12-02_DSH_PBM,SITE_KIT_01,DSH_PBM,2025-12-02,46,46,portion
P_2025-12-02_DSH_GOBIMANCH,SITE_KIT_01,DSH_GOBIMANCH,2025-12-02,34,34,portion
P_2025-12-02_DSH_PALAK,SITE_KIT_01,DSH_PALAK,2025-12-02,26,26,portion
P_2025-12-02_DSH_NAAN,SITE_KIT_01,DSH_NAAN,2025-12-02,118,118,portion
P_2025-12-02_DSH_ROTI,SITE_KIT_01,DSH_ROTI,2025-12-02,86,94,portion
P_2025-12-02_DSH_JEERARICE,SITE_KIT_01,DSH_JEERARICE,2025-12-02,40,40,portion
P_2025-12-02_DSH_DALTADKA,SITE_KIT_01,DSH_DALTADKA,2025-12-02,48,46,portion
P_2025-12-02_DSH_ROGANJOSH,SITE_KIT_01,DSH_ROGANJOSH,2025-12-02,16,16,portion
P_2025-12-02_DSH_VEGPULAO,SITE_KIT_01,DSH_VEGPULAO,2025-12-02,22,22,portion
P_2025-12-02_DSH_DOSA,SITE_KIT_01,DSH_DOSA,2025-12-02,65,63,portion
P_2025-12-02_DSH_MIXVEG,SITE_KIT_01,DSH_MIXVEG,2025-12-02,30,29,portion
P_2025-12-02_DSH_FISHCURRY,SITE_KIT_01,DSH_FISHCURRY,2025-12-02,20,19,portion
P_2025-12-02_DSH_SIDES,SITE_KIT_01,DSH_SIDES,2025-12-02,179,179,portion
P_2025-12-03_DSH_CHBIRYANI,SITE_KIT_01,DSH_CHBIRYANI,2025-12-03,42,43,portion
P_2025-12-03_DSH_VGBIRYANI,SITE_KIT_01,DSH_VGBIRYANI,2025-12-03,30,30,portion
P_2025-12-03_DSH_PBM,SITE_KIT_01,DSH_PBM,2025-12-03,49,46,portion
P_2025-12-03_DSH_GOBIMANCH,SITE_KIT_01,DSH_GOBIMANCH,2025-12-03,36,36,portion
P_2025-12-03_DSH_PALAK,SITE_KIT_01,DSH_PALAK,2025-12-03,28,28,portion
P_2025-12-03_DSH_NAAN,SITE_KIT_01,DSH_NAAN,2025-12-03,127,121,portion
P_2025-12-03_DSH_ROTI,SITE_KIT_01,DSH_ROTI,2025-12-03,91,74,portion
P_2025-12-03_DSH_JEERARICE,SITE_KIT_01,DSH_JEERARICE,2025-12-03,43,43,portion
P_2025-12-03_DSH_DALTADKA,SITE_KIT_01,DSH_DALTADKA,2025-12-03,51,50,portion
P_2025-12-03_DSH_ROGANJOSH,SITE_KIT_01,DSH_ROGANJOSH,2025-12-03,18,18,portion
P_2025-12-03_DSH_VEGPULAO,SITE_KIT_01,DSH_VEGPULAO,2025-12-03,23,23,portion
P_2025-12-03_DSH_DOSA,SITE_KIT_01,DSH_DOSA,2025-12-03,83,68,portion
P_2025-12-03_DSH_MIXVEG,SITE_KIT_01,DSH_MIXVEG,2025-12-03,32,32,portion
P_2025-12-03_DSH_FISHCURRY,SITE_KIT_01,DSH_FISHCURRY,2025-12-03,21,20,portion
P_2025-12-03_DSH_SIDES,SITE_KIT_01,DSH_SIDES,2025-12-03,171,171,portion
P_2025-12-04_DSH_CHBIRYANI,SITE_KIT_01,DSH_CHBIRYANI,2025-12-04,45,45,portion
P_2025-12-04_DSH_VGBIRYANI,SITE_KIT_01,DSH_VGBIRYANI,2025-12-04,33,34,portion
P_2025-12-04_DSH_PBM,SITE_KIT_01,DSH_PBM,2025-12-04,53,51,portion
P_2025-12-04_DSH_GOBIMANCH,SITE_KIT_01,DSH_GOBIMANCH,2025-12-04,39,38,portion
P_2025-12-04_DSH_PALAK,SITE_KIT_01,DSH_PALAK,2025-12-04,30,30,portion
P_2025-12-04_DSH_NAAN,SITE_KIT_01,DSH_NAAN,2025-12-04,138,146,portion
P_2025-12-04_DSH_ROTI,SITE_KIT_01,DSH_ROTI,2025-12-04,99,90,portion
P_2025-12-04_DSH_JEERARICE,SITE_KIT_01,DSH_JEERARICE,2025-12-04,46,45,portion
P_2025-12-04_DSH_DALTADKA,SITE_KIT_01,DSH_DALTADKA,2025-12-04,56,55,portion
P_2025-12-04_DSH_ROGANJOSH,SITE_KIT_01,DSH_ROGANJOSH,2025-12-04,20,19,portion
P_2025-12-04_DSH_VEGPULAO,SITE_KIT_01,DSH_VEGPULAO,2025-12-04,26,26,portion
P_2025-12-04_DSH_DOSA,SITE_KIT_01,DSH_DOSA,2025-12-04,66,60,portion
P_2025-12-04_DSH_MIXVEG,SITE_KIT_01,DSH_MIXVEG,2025-12-04,35,35,portion
P_2025-12-04_DSH_FISHCURRY,SITE_KIT_01,DSH_FISHCURRY,2025-12-04,22,21,portion
P_2025-12-04_DSH_SIDES,SITE_KIT_01,DSH_SIDES,2025-12-04,199,199,portion
P_2025-12-05_DSH_CHBIRYANI,SITE_KIT_01,DSH_CHBIRYANI,2025-12-05,80,81,portion
P_2025-12-05_DSH_VGBIRYANI,SITE_KIT_01,DSH_VGBIRYANI,2025-12-05,43,45,portion
P_2025-12-05_DSH_PBM,SITE_KIT_01,DSH_PBM,2025-12-05,69,66,portion
P_2025-12-05_DSH_GOBIMANCH,SITE_KIT_01,DSH_GOBIMANCH,2025-12-05,52,53,portion
P_2025-12-05_DSH_PALAK,SITE_KIT_01,DSH_PALAK,2025-12-05,39,40,portion
P_2025-12-05_DSH_NAAN,SITE_KIT_01,DSH_NAAN,2025-12-05,180,179,portion
P_2025-12-05_DSH_ROTI,SITE_KIT_01,DSH_ROTI,2025-12-05,129,123,portion
P_2025-12-05_DSH_JEERARICE,SITE_KIT_01,DSH_JEERARICE,2025-12-05,61,61,portion
P_2025-12-05_DSH_DALTADKA,SITE_KIT_01,DSH_DALTADKA,2025-12-05,73,71,portion
P_2025-12-05_DSH_ROGANJOSH,SITE_KIT_01,DSH_ROGANJOSH,2025-12-05,33,32,portion
P_2025-12-05_DSH_VEGPULAO,SITE_KIT_01,DSH_VEGPULAO,2025-12-05,33,33,portion
P_2025-12-05_DSH_DOSA,SITE_KIT_01,DSH_DOSA,2025-12-05,72,69,portion
P_2025-12-05_DSH_MIXVEG,SITE_KIT_01,DSH_MIXVEG,2025-12-05,46,45,portion
P_2025-12-05_DSH_FISHCURRY,SITE_KIT_01,DSH_FISHCURRY,2025-12-05,32,32,portion
P_2025-12-05_DSH_SIDES,SITE_KIT_01,DSH_SIDES,2025-12-05,255,255,portion
P_2025-12-06_DSH_CHBIRYANI,SITE_KIT_01,DSH_CHBIRYANI,2025-12-06,74,72,portion
P_2025-12-06_DSH_VGBIRYANI,SITE_KIT_01,DSH_VGBIRYANI,2025-12-06,47,48,portion
P_2025-12-06_DSH_PBM,SITE_KIT_01,DSH_PBM,2025-12-06,77,74,portion
P_2025-12-06_DSH_GOBIMANCH,SITE_KIT_01,DSH_GOBIMANCH,2025-12-06,57,60,portion
P_2025-12-06_DSH_PALAK,SITE_KIT_01,DSH_PALAK,2025-12-06,44,43,portion
P_2025-12-06_DSH_NAAN,SITE_KIT_01,DSH_NAAN,2025-12-06,199,183,portion
P_2025-12-06_DSH_ROTI,SITE_KIT_01,DSH_ROTI,2025-12-06,144,122,portion
P_2025-12-06_DSH_JEERARICE,SITE_KIT_01,DSH_JEERARICE,2025-12-06,67,72,portion
P_2025-12-06_DSH_DALTADKA,SITE_KIT_01,DSH_DALTADKA,2025-12-06,81,79,portion
P_2025-12-06_DSH_ROGANJOSH,SITE_KIT_01,DSH_ROGANJOSH,2025-12-06,36,34,portion
P_2025-12-06_DSH_VEGPULAO,SITE_KIT_01,DSH_VEGPULAO,2025-12-06,37,37,portion
P_2025-12-06_DSH_DOSA,SITE_KIT_01,DSH_DOSA,2025-12-06,81,68,portion
P_2025-12-06_DSH_MIXVEG,SITE_KIT_01,DSH_MIXVEG,2025-12-06,51,49,portion
P_2025-12-06_DSH_FISHCURRY,SITE_KIT_01,DSH_FISHCURRY,2025-12-06,35,35,portion
P_2025-12-06_DSH_SIDES,SITE_KIT_01,DSH_SIDES,2025-12-06,278,278,portion
P_2025-12-07_DSH_CHBIRYANI,SITE_KIT_01,DSH_CHBIRYANI,2025-12-07,66,68,portion
P_2025-12-07_DSH_VGBIRYANI,SITE_KIT_01,DSH_VGBIRYANI,2025-12-07,43,44,portion
P_2025-12-07_DSH_PBM,SITE_KIT_01,DSH_PBM,2025-12-07,71,69,portion
P_2025-12-07_DSH_GOBIMANCH,SITE_KIT_01,DSH_GOBIMANCH,2025-12-07,53,51,portion
P_2025-12-07_DSH_PALAK,SITE_KIT_01,DSH_PALAK,2025-12-07,40,39,portion
P_2025-12-07_DSH_NAAN,SITE_KIT_01,DSH_NAAN,2025-12-07,177,165,portion
P_2025-12-07_DSH_ROTI,SITE_KIT_01,DSH_ROTI,2025-12-07,132,127,portion
P_2025-12-07_DSH_JEERARICE,SITE_KIT_01,DSH_JEERARICE,2025-12-07,62,61,portion
P_2025-12-07_DSH_DALTADKA,SITE_KIT_01,DSH_DALTADKA,2025-12-07,74,75,portion
P_2025-12-07_DSH_ROGANJOSH,SITE_KIT_01,DSH_ROGANJOSH,2025-12-07,32,33,portion
P_2025-12-07_DSH_VEGPULAO,SITE_KIT_01,DSH_VEGPULAO,2025-12-07,34,35,portion
P_2025-12-07_DSH_DOSA,SITE_KIT_01,DSH_DOSA,2025-12-07,86,77,portion
P_2025-12-07_DSH_MIXVEG,SITE_KIT_01,DSH_MIXVEG,2025-12-07,46,46,portion
P_2025-12-07_DSH_FISHCURRY,SITE_KIT_01,DSH_FISHCURRY,2025-12-07,31,32,portion
P_2025-12-07_DSH_SIDES,SITE_KIT_01,DSH_SIDES,2025-12-07,252,252,portion
P_2025-12-08_DSH_CHBIRYANI,SITE_KIT_01,DSH_CHBIRYANI,2025-12-08,37,36,portion
P_2025-12-08_DSH_VGBIRYANI,SITE_KIT_01,DSH_VGBIRYANI,2025-12-08,27,27,portion
P_2025-12-08_DSH_PBM,SITE_KIT_01,DSH_PBM,2025-12-08,54,55,portion
P_2025-12-08_DSH_GOBIMANCH,SITE_KIT_01,DSH_GOBIMANCH,2025-12-08,33,34,portion
P_2025-12-08_DSH_PALAK,SITE_KIT_01,DSH_PALAK,2025-12-08,25,26,portion
P_2025-12-08_DSH_NAAN,SITE_KIT_01,DSH_NAAN,2025-12-08,117,124,portion
P_2025-12-08_DSH_ROTI,SITE_KIT_01,DSH_ROTI,2025-12-08,83,72,portion
P_2025-12-08_DSH_JEERARICE,SITE_KIT_01,DSH_JEERARICE,2025-12-08,39,39,portion
P_2025-12-08_DSH_DALTADKA,SITE_KIT_01,DSH_DALTADKA,2025-12-08,47,48,portion
P_2025-12-08_DSH_ROGANJOSH,SITE_KIT_01,DSH_ROGANJOSH,2025-12-08,16,16,portion
P_2025-12-08_DSH_VEGPULAO,SITE_KIT_01,DSH_VEGPULAO,2025-12-08,21,21,portion
P_2025-12-08_DSH_DOSA,SITE_KIT_01,DSH_DOSA,2025-12-08,67,49,portion
P_2025-12-08_DSH_MIXVEG,SITE_KIT_01,DSH_MIXVEG,2025-12-08,29,27,portion
P_2025-12-08_DSH_FISHCURRY,SITE_KIT_01,DSH_FISHCURRY,2025-12-08,19,19,portion
P_2025-12-08_DSH_SIDES,SITE_KIT_01,DSH_SIDES,2025-12-08,167,167,portion
P_2025-12-09_DSH_CHBIRYANI,SITE_KIT_01,DSH_CHBIRYANI,2025-12-09,39,38,portion
P_2025-12-09_DSH_VGBIRYANI,SITE_KIT_01,DSH_VGBIRYANI,2025-12-09,38,39,portion
P_2025-12-09_DSH_PBM,SITE_KIT_01,DSH_PBM,2025-12-09,46,45,portion
P_2025-12-09_DSH_GOBIMANCH,SITE_KIT_01,DSH_GOBIMANCH,2025-12-09,34,34,portion
P_2025-12-09_DSH_PALAK,SITE_KIT_01,DSH_PALAK,2025-12-09,26,26,portion
P_2025-12-09_DSH_NAAN,SITE_KIT_01,DSH_NAAN,2025-12-09,119,119,portion
P_2025-12-09_DSH_ROTI,SITE_KIT_01,DSH_ROTI,2025-12-09,86,91,portion
P_2025-12-09_DSH_JEERARICE,SITE_KIT_01,DSH_JEERARICE,2025-12-09,41,41,portion
P_2025-12-09_DSH_DALTADKA,SITE_KIT_01,DSH_DALTADKA,2025-12-09,49,49,portion
P_2025-12-09_DSH_ROGANJOSH,SITE_KIT_01,DSH_ROGANJOSH,2025-12-09,16,17,portion
P_2025-12-09_DSH_VEGPULAO,SITE_KIT_01,DSH_VEGPULAO,2025-12-09,22,22,portion
P_2025-12-09_DSH_DOSA,SITE_KIT_01,DSH_DOSA,2025-12-09,66,59,portion
P_2025-12-09_DSH_MIXVEG,SITE_KIT_01,DSH_MIXVEG,2025-12-09,30,29,portion
P_2025-12-09_DSH_FISHCURRY,SITE_KIT_01,DSH_FISHCURRY,2025-12-09,20,20,portion
P_2025-12-09_DSH_SIDES,SITE_KIT_01,DSH_SIDES,2025-12-09,172,172,portion
P_2025-12-10_DSH_CHBIRYANI,SITE_KIT_01,DSH_CHBIRYANI,2025-12-10,37,39,portion
P_2025-12-10_DSH_VGBIRYANI,SITE_KIT_01,DSH_VGBIRYANI,2025-12-10,26,27,portion
P_2025-12-10_DSH_PBM,SITE_KIT_01,DSH_PBM,2025-12-10,43,43,portion
P_2025-12-10_DSH_GOBIMANCH,SITE_KIT_01,DSH_GOBIMANCH,2025-12-10,32,31,portion
P_2025-12-10_DSH_PALAK,SITE_KIT_01,DSH_PALAK,2025-12-10,25,25,portion
P_2025-12-10_DSH_NAAN,SITE_KIT_01,DSH_NAAN,2025-12-10,113,103,portion
P_2025-12-10_DSH_ROTI,SITE_KIT_01,DSH_ROTI,2025-12-10,80,80,portion
P_2025-12-10_DSH_JEERARICE,SITE_KIT_01,DSH_JEERARICE,2025-12-10,38,39,portion
P_2025-12-10_DSH_DALTADKA,SITE_KIT_01,DSH_DALTADKA,2025-12-10,45,45,portion
P_2025-12-10_DSH_ROGANJOSH,SITE_KIT_01,DSH_ROGANJOSH,2025-12-10,16,16,portion
P_2025-12-10_DSH_VEGPULAO,SITE_KIT_01,DSH_VEGPULAO,2025-12-10,21,21,portion
P_2025-12-10_DSH_DOSA,SITE_KIT_01,DSH_DOSA,2025-12-10,74,67,portion
P_2025-12-10_DSH_MIXVEG,SITE_KIT_01,DSH_MIXVEG,2025-12-10,28,28,portion
P_2025-12-10_DSH_FISHCURRY,SITE_KIT_01,DSH_FISHCURRY,2025-12-10,18,18,portion
P_2025-12-10_DSH_SIDES,SITE_KIT_01,DSH_SIDES,2025-12-10,161,161,portion
P_2025-12-11_DSH_CHBIRYANI,SITE_KIT_01,DSH_CHBIRYANI,2025-12-11,46,48,portion
P_2025-12-11_DSH_VGBIRYANI,SITE_KIT_01,DSH_VGBIRYANI,2025-12-11,33,33,portion
P_2025-12-11_DSH_PBM,SITE_KIT_01,DSH_PBM,2025-12-11,54,56,portion
P_2025-12-11_DSH_GOBIMANCH,SITE_KIT_01,DSH_GOBIMANCH,2025-12-11,40,42,portion
P_2025-12-11_DSH_PALAK,SITE_KIT_01,DSH_PALAK,2025-12-11,30,30,portion
P_2025-12-11_DSH_NAAN,SITE_KIT_01,DSH_NAAN,2025-12-11,139,121,portion
P_2025-12-11_DSH_ROTI,SITE_KIT_01,DSH_ROTI,2025-12-11,100,99,portion
P_2025-12-11_DSH_JEERARICE,SITE_KIT_01,DSH_JEERARICE,2025-12-11,47,47,portion
P_2025-12-11_DSH_DALTADKA,SITE_KIT_01,DSH_DALTADKA,2025-12-11,56,55,portion
P_2025-12-11_DSH_ROGANJOSH,SITE_KIT_01,DSH_ROGANJOSH,2025-12-11,20,20,portion
P_2025-12-11_DSH_VEGPULAO,SITE_KIT_01,DSH_VEGPULAO,2025-12-11,26,26,portion
P_2025-12-11_DSH_DOSA,SITE_KIT_01,DSH_DOSA,2025-12-11,67,45,portion
P_2025-12-11_DSH_MIXVEG,SITE_KIT_01,DSH_MIXVEG,2025-12-11,35,37,portion
P_2025-12-11_DSH_FISHCURRY,SITE_KIT_01,DSH_FISHCURRY,2025-12-11,22,23,portion
P_2025-12-11_DSH_SIDES,SITE_KIT_01,DSH_SIDES,2025-12-11,183,183,portion
P_2025-12-12_DSH_CHBIRYANI,SITE_KIT_01,DSH_CHBIRYANI,2025-12-12,81,81,portion
P_2025-12-12_DSH_VGBIRYANI,SITE_KIT_01,DSH_VGBIRYANI,2025-12-12,43,43,portion
P_2025-12-12_DSH_PBM,SITE_KIT_01,DSH_PBM,2025-12-12,70,69,portion
P_2025-12-12_DSH_GOBIMANCH,SITE_KIT_01,DSH_GOBIMANCH,2025-12-12,52,49,portion
P_2025-12-12_DSH_PALAK,SITE_KIT_01,DSH_PALAK,2025-12-12,40,41,portion
P_2025-12-12_DSH_NAAN,SITE_KIT_01,DSH_NAAN,2025-12-12,181,186,portion
P_2025-12-12_DSH_ROTI,SITE_KIT_01,DSH_ROTI,2025-12-12,130,120,portion
P_2025-12-12_DSH_JEERARICE,SITE_KIT_01,DSH_JEERARICE,2025-12-12,61,62,portion
P_2025-12-12_DSH_DALTADKA,SITE_KIT_01,DSH_DALTADKA,2025-12-12,73,69,portion
P_2025-12-12_DSH_ROGANJOSH,SITE_KIT_01,DSH_ROGANJOSH,2025-12-12,33,33,portion
P_2025-12-12_DSH_VEGPULAO,SITE_KIT_01,DSH_VEGPULAO,2025-12-12,34,33,portion
P_2025-12-12_DSH_DOSA,SITE_KIT_01,DSH_DOSA,2025-12-12,72,72,portion
P_2025-12-12_DSH_MIXVEG,SITE_KIT_01,DSH_MIXVEG,2025-12-12,46,44,portion
P_2025-12-12_DSH_FISHCURRY,SITE_KIT_01,DSH_FISHCURRY,2025-12-12,32,32,portion
P_2025-12-12_DSH_SIDES,SITE_KIT_01,DSH_SIDES,2025-12-12,263,263,portion
P_2025-12-13_DSH_CHBIRYANI,SITE_KIT_01,DSH_CHBIRYANI,2025-12-13,74,75,portion
P_2025-12-13_DSH_VGBIRYANI,SITE_KIT_01,DSH_VGBIRYANI,2025-12-13,48,49,portion
P_2025-12-13_DSH_PBM,SITE_KIT_01,DSH_PBM,2025-12-13,78,75,portion
P_2025-12-13_DSH_GOBIMANCH,SITE_KIT_01,DSH_GOBIMANCH,2025-12-13,58,55,portion
P_2025-12-13_DSH_PALAK,SITE_KIT_01,DSH_PALAK,2025-12-13,44,44,portion
P_2025-12-13_DSH_NAAN,SITE_KIT_01,DSH_NAAN,2025-12-13,201,191,portion
P_2025-12-13_DSH_ROTI,SITE_KIT_01,DSH_ROTI,2025-12-13,145,141,portion
P_2025-12-13_DSH_JEERARICE,SITE_KIT_01,DSH_JEERARICE,2025-12-13,68,67,portion
P_2025-12-13_DSH_DALTADKA,SITE_KIT_01,DSH_DALTADKA,2025-12-13,82,83,portion
P_2025-12-13_DSH_ROGANJOSH,SITE_KIT_01,DSH_ROGANJOSH,2025-12-13,36,36,portion
P_2025-12-13_DSH_VEGPULAO,SITE_KIT_01,DSH_VEGPULAO,2025-12-13,37,36,portion
P_2025-12-13_DSH_DOSA,SITE_KIT_01,DSH_DOSA,2025-12-13,82,66,portion
P_2025-12-13_DSH_MIXVEG,SITE_KIT_01,DSH_MIXVEG,2025-12-13,51,52,portion
P_2025-12-13_DSH_FISHCURRY,SITE_KIT_01,DSH_FISHCURRY,2025-12-13,35,34,portion
P_2025-12-13_DSH_SIDES,SITE_KIT_01,DSH_SIDES,2025-12-13,281,281,portion
P_2025-12-14_DSH_CHBIRYANI,SITE_KIT_01,DSH_CHBIRYANI,2025-12-14,66,67,portion
P_2025-12-14_DSH_VGBIRYANI,SITE_KIT_01,DSH_VGBIRYANI,2025-12-14,44,43,portion
P_2025-12-14_DSH_PBM,SITE_KIT_01,DSH_PBM,2025-12-14,71,69,portion
P_2025-12-14_DSH_GOBIMANCH,SITE_KIT_01,DSH_GOBIMANCH,2025-12-14,53,54,portion
P_2025-12-14_DSH_PALAK,SITE_KIT_01,DSH_PALAK,2025-12-14,40,40,portion
P_2025-12-14_DSH_NAAN,SITE_KIT_01,DSH_NAAN,2025-12-14,179,179,portion
P_2025-12-14_DSH_ROTI,SITE_KIT_01,DSH_ROTI,2025-12-14,133,128,portion
P_2025-12-14_DSH_JEERARICE,SITE_KIT_01,DSH_JEERARICE,2025-12-14,62,64,portion
P_2025-12-14_DSH_DALTADKA,SITE_KIT_01,DSH_DALTADKA,2025-12-14,75,74,portion
P_2025-12-14_DSH_ROGANJOSH,SITE_KIT_01,DSH_ROGANJOSH,2025-12-14,32,32,portion
P_2025-12-14_DSH_VEGPULAO,SITE_KIT_01,DSH_VEGPULAO,2025-12-14,34,33,portion
P_2025-12-14_DSH_DOSA,SITE_KIT_01,DSH_DOSA,2025-12-14,87,79,portion
P_2025-12-14_DSH_MIXVEG,SITE_KIT_01,DSH_MIXVEG,2025-12-14,47,48,portion
P_2025-12-14_DSH_FISHCURRY,SITE_KIT_01,DSH_FISHCURRY,2025-12-14,32,34,portion
P_2025-12-14_DSH_SIDES,SITE_KIT_01,DSH_SIDES,2025-12-14,263,263,portion
P_2025-12-15_DSH_CHBIRYANI,SITE_KIT_01,DSH_CHBIRYANI,2025-12-15,37,38,portion
P_2025-12-15_DSH_VGBIRYANI,SITE_KIT_01,DSH_VGBIRYANI,2025-12-15,28,28,portion
P_2025-12-15_DSH_PBM,SITE_KIT_01,DSH_PBM,2025-12-15,55,56,portion
P_2025-12-15_DSH_GOBIMANCH,SITE_KIT_01,DSH_GOBIMANCH,2025-12-15,33,34,portion
P_2025-12-15_DSH_PALAK,SITE_KIT_01,DSH_PALAK,2025-12-15,26,26,portion
P_2025-12-15_DSH_NAAN,SITE_KIT_01,DSH_NAAN,2025-12-15,117,111,portion
P_2025-12-15_DSH_ROTI,SITE_KIT_01,DSH_ROTI,2025-12-15,84,77,portion
P_2025-12-15_DSH_JEERARICE,SITE_KIT_01,DSH_JEERARICE,2025-12-15,39,39,portion
P_2025-12-15_DSH_DALTADKA,SITE_KIT_01,DSH_DALTADKA,2025-12-15,47,47,portion
P_2025-12-15_DSH_ROGANJOSH,SITE_KIT_01,DSH_ROGANJOSH,2025-12-15,16,16,portion
P_2025-12-15_DSH_VEGPULAO,SITE_KIT_01,DSH_VEGPULAO,2025-12-15,22,23,portion
P_2025-12-15_DSH_DOSA,SITE_KIT_01,DSH_DOSA,2025-12-15,67,59,portion
P_2025-12-15_DSH_MIXVEG,SITE_KIT_01,DSH_MIXVEG,2025-12-15,29,30,portion
P_2025-12-15_DSH_FISHCURRY,SITE_KIT_01,DSH_FISHCURRY,2025-12-15,19,18,portion
P_2025-12-15_DSH_SIDES,SITE_KIT_01,DSH_SIDES,2025-12-15,172,172,portion
P_2025-12-16_DSH_CHBIRYANI,SITE_KIT_01,DSH_CHBIRYANI,2025-12-16,39,39,portion
P_2025-12-16_DSH_VGBIRYANI,SITE_KIT_01,DSH_VGBIRYANI,2025-12-16,39,40,portion
P_2025-12-16_DSH_PBM,SITE_KIT_01,DSH_PBM,2025-12-16,47,46,portion
P_2025-12-16_DSH_GOBIMANCH,SITE_KIT_01,DSH_GOBIMANCH,2025-12-16,35,34,portion
P_2025-12-16_DSH_PALAK,SITE_KIT_01,DSH_PALAK,2025-12-16,27,27,portion
P_2025-12-16_DSH_NAAN,SITE_KIT_01,DSH_NAAN,2025-12-16,120,112,portion
P_2025-12-16_DSH_ROTI,SITE_KIT_01,DSH_ROTI,2025-12-16,87,93,portion
P_2025-12-16_DSH_JEERARICE,SITE_KIT_01,DSH_JEERARICE,2025-12-16,41,42,portion
P_2025-12-16_DSH_DALTADKA,SITE_KIT_01,DSH_DALTADKA,2025-12-16,49,51,portion
P_2025-12-16_DSH_ROGANJOSH,SITE_KIT_01,DSH_ROGANJOSH,2025-12-16,17,17,portion
P_2025-12-16_DSH_VEGPULAO,SITE_KIT_01,DSH_VEGPULAO,2025-12-16,22,22,portion
P_2025-12-16_DSH_DOSA,SITE_KIT_01,DSH_DOSA,2025-12-16,66,62,portion
P_2025-12-16_DSH_MIXVEG,SITE_KIT_01,DSH_MIXVEG,2025-12-16,31,30,portion
P_2025-12-16_DSH_FISHCURRY,SITE_KIT_01,DSH_FISHCURRY,2025-12-16,20,20,portion
P_2025-12-16_DSH_SIDES,SITE_KIT_01,DSH_SIDES,2025-12-16,171,171,portion
P_2025-12-17_DSH_CHBIRYANI,SITE_KIT_01,DSH_CHBIRYANI,2025-12-17,42,40,portion
P_2025-12-17_DSH_VGBIRYANI,SITE_KIT_01,DSH_VGBIRYANI,2025-12-17,30,30,portion
P_2025-12-17_DSH_PBM,SITE_KIT_01,DSH_PBM,2025-12-17,50,54,portion
P_2025-12-17_DSH_GOBIMANCH,SITE_KIT_01,DSH_GOBIMANCH,2025-12-17,37,36,portion
P_2025-12-17_DSH_PALAK,SITE_KIT_01,DSH_PALAK,2025-12-17,28,28,portion
P_2025-12-17_DSH_NAAN,SITE_KIT_01,DSH_NAAN,2025-12-17,129,105,portion
P_2025-12-17_DSH_ROTI,SITE_KIT_01,DSH_ROTI,2025-12-17,92,82,portion
P_2025-12-17_DSH_JEERARICE,SITE_KIT_01,DSH_JEERARICE,2025-12-17,43,43,portion
P_2025-12-17_DSH_DALTADKA,SITE_KIT_01,DSH_DALTADKA,2025-12-17,52,54,portion
P_2025-12-17_DSH_ROGANJOSH,SITE_KIT_01,DSH_ROGANJOSH,2025-12-17,18,17,portion
P_2025-12-17_DSH_VEGPULAO,SITE_KIT_01,DSH_VEGPULAO,2025-12-17,24,23,portion
P_2025-12-17_DSH_DOSA,SITE_KIT_01,DSH_DOSA,2025-12-17,85,72,portion
P_2025-12-17_DSH_MIXVEG,SITE_KIT_01,DSH_MIXVEG,2025-12-17,32,33,portion
P_2025-12-17_DSH_FISHCURRY,SITE_KIT_01,DSH_FISHCURRY,2025-12-17,21,21,portion
P_2025-12-17_DSH_SIDES,SITE_KIT_01,DSH_SIDES,2025-12-17,177,177,portion
P_2025-12-18_DSH_CHBIRYANI,SITE_KIT_01,DSH_CHBIRYANI,2025-12-18,46,47,portion
P_2025-12-18_DSH_VGBIRYANI,SITE_KIT_01,DSH_VGBIRYANI,2025-12-18,33,33,portion
P_2025-12-18_DSH_PBM,SITE_KIT_01,DSH_PBM,2025-12-18,54,53,portion
P_2025-12-18_DSH_GOBIMANCH,SITE_KIT_01,DSH_GOBIMANCH,2025-12-18,40,40,portion
P_2025-12-18_DSH_PALAK,SITE_KIT_01,DSH_PALAK,2025-12-18,31,31,portion
P_2025-12-18_DSH_NAAN,SITE_KIT_01,DSH_NAAN,2025-12-18,140,125,portion
P_2025-12-18_DSH_ROTI,SITE_KIT_01,DSH_ROTI,2025-12-18,100,112,portion
P_2025-12-18_DSH_JEERARICE,SITE_KIT_01,DSH_JEERARICE,2025-12-18,47,48,portion
P_2025-12-18_DSH_DALTADKA,SITE_KIT_01,DSH_DALTADKA,2025-12-18,57,58,portion
P_2025-12-18_DSH_ROGANJOSH,SITE_KIT_01,DSH_ROGANJOSH,2025-12-18,21,21,portion
P_2025-12-18_DSH_VEGPULAO,SITE_KIT_01,DSH_VEGPULAO,2025-12-18,26,26,portion
P_2025-12-18_DSH_DOSA,SITE_KIT_01,DSH_DOSA,2025-12-18,67,70,portion
P_2025-12-18_DSH_MIXVEG,SITE_KIT_01,DSH_MIXVEG,2025-12-18,35,35,portion
P_2025-12-18_DSH_FISHCURRY,SITE_KIT_01,DSH_FISHCURRY,2025-12-18,23,23,portion
P_2025-12-18_DSH_SIDES,SITE_KIT_01,DSH_SIDES,2025-12-18,199,199,portion
P_2025-12-19_DSH_CHBIRYANI,SITE_KIT_01,DSH_CHBIRYANI,2025-12-19,81,84,portion
P_2025-12-19_DSH_VGBIRYANI,SITE_KIT_01,DSH_VGBIRYANI,2025-12-19,43,43,portion
P_2025-12-19_DSH_PBM,SITE_KIT_01,DSH_PBM,2025-12-19,71,74,portion
P_2025-12-19_DSH_GOBIMANCH,SITE_KIT_01,DSH_GOBIMANCH,2025-12-19,52,53,portion
P_2025-12-19_DSH_PALAK,SITE_KIT_01,DSH_PALAK,2025-12-19,40,40,portion
P_2025-12-19_DSH_NAAN,SITE_KIT_01,DSH_NAAN,2025-12-19,182,165,portion
P_2025-12-19_DSH_ROTI,SITE_KIT_01,DSH_ROTI,2025-12-19,131,139,portion
P_2025-12-19_DSH_JEERARICE,SITE_KIT_01,DSH_JEERARICE,2025-12-19,62,63,portion
P_2025-12-19_DSH_DALTADKA,SITE_KIT_01,DSH_DALTADKA,2025-12-19,74,76,portion
P_2025-12-19_DSH_ROGANJOSH,SITE_KIT_01,DSH_ROGANJOSH,2025-12-19,34,36,portion
P_2025-12-19_DSH_VEGPULAO,SITE_KIT_01,DSH_VEGPULAO,2025-12-19,34,33,portion
P_2025-12-19_DSH_DOSA,SITE_KIT_01,DSH_DOSA,2025-12-19,73,67,portion
P_2025-12-19_DSH_MIXVEG,SITE_KIT_01,DSH_MIXVEG,2025-12-19,46,46,portion
P_2025-12-19_DSH_FISHCURRY,SITE_KIT_01,DSH_FISHCURRY,2025-12-19,32,32,portion
P_2025-12-19_DSH_SIDES,SITE_KIT_01,DSH_SIDES,2025-12-19,256,256,portion
P_2025-12-20_DSH_CHBIRYANI,SITE_KIT_01,DSH_CHBIRYANI,2025-12-20,75,75,portion
P_2025-12-20_DSH_VGBIRYANI,SITE_KIT_01,DSH_VGBIRYANI,2025-12-20,48,51,portion
P_2025-12-20_DSH_PBM,SITE_KIT_01,DSH_PBM,2025-12-20,78,76,portion
P_2025-12-20_DSH_GOBIMANCH,SITE_KIT_01,DSH_GOBIMANCH,2025-12-20,58,57,portion
P_2025-12-20_DSH_PALAK,SITE_KIT_01,DSH_PALAK,2025-12-20,45,44,portion
P_2025-12-20_DSH_NAAN,SITE_KIT_01,DSH_NAAN,2025-12-20,202,211,portion
P_2025-12-20_DSH_ROTI,SITE_KIT_01,DSH_ROTI,2025-12-20,146,137,portion
P_2025-12-20_DSH_JEERARICE,SITE_KIT_01,DSH_JEERARICE,2025-12-20,68,70,portion
P_2025-12-20_DSH_DALTADKA,SITE_KIT_01,DSH_DALTADKA,2025-12-20,82,83,portion
P_2025-12-20_DSH_ROGANJOSH,SITE_KIT_01,DSH_ROGANJOSH,2025-12-20,36,36,portion
P_2025-12-20_DSH_VEGPULAO,SITE_KIT_01,DSH_VEGPULAO,2025-12-20,38,36,portion
P_2025-12-20_DSH_DOSA,SITE_KIT_01,DSH_DOSA,2025-12-20,82,87,portion
P_2025-12-20_DSH_MIXVEG,SITE_KIT_01,DSH_MIXVEG,2025-12-20,51,51,portion
P_2025-12-20_DSH_FISHCURRY,SITE_KIT_01,DSH_FISHCURRY,2025-12-20,36,36,portion
P_2025-12-20_DSH_SIDES,SITE_KIT_01,DSH_SIDES,2025-12-20,289,289,portion
P_2025-12-21_DSH_CHBIRYANI,SITE_KIT_01,DSH_CHBIRYANI,2025-12-21,67,66,portion
P_2025-12-21_DSH_VGBIRYANI,SITE_KIT_01,DSH_VGBIRYANI,2025-12-21,44,45,portion
P_2025-12-21_DSH_PBM,SITE_KIT_01,DSH_PBM,2025-12-21,72,76,portion
P_2025-12-21_DSH_GOBIMANCH,SITE_KIT_01,DSH_GOBIMANCH,2025-12-21,53,55,portion
P_2025-12-21_DSH_PALAK,SITE_KIT_01,DSH_PALAK,2025-12-21,41,39,portion
P_2025-12-21_DSH_NAAN,SITE_KIT_01,DSH_NAAN,2025-12-21,180,166,portion
P_2025-12-21_DSH_ROTI,SITE_KIT_01,DSH_ROTI,2025-12-21,134,129,portion
P_2025-12-21_DSH_JEERARICE,SITE_KIT_01,DSH_JEERARICE,2025-12-21,63,66,portion
P_2025-12-21_DSH_DALTADKA,SITE_KIT_01,DSH_DALTADKA,2025-12-21,75,77,portion
P_2025-12-21_DSH_ROGANJOSH,SITE_KIT_01,DSH_ROGANJOSH,2025-12-21,33,32,portion
P_2025-12-21_DSH_VEGPULAO,SITE_KIT_01,DSH_VEGPULAO,2025-12-21,35,35,portion
P_2025-12-21_DSH_DOSA,SITE_KIT_01,DSH_DOSA,2025-12-21,88,75,portion
P_2025-12-21_DSH_MIXVEG,SITE_KIT_01,DSH_MIXVEG,2025-12-21,47,50,portion
P_2025-12-21_DSH_FISHCURRY,SITE_KIT_01,DSH_FISHCURRY,2025-12-21,32,32,portion
P_2025-12-21_DSH_SIDES,SITE_KIT_01,DSH_SIDES,2025-12-21,257,257,portion
P_2025-12-22_DSH_CHBIRYANI,SITE_KIT_01,DSH_CHBIRYANI,2025-12-22,38,38,portion
P_2025-12-22_DSH_VGBIRYANI,SITE_KIT_01,DSH_VGBIRYANI,2025-12-22,28,27,portion
P_2025-12-22_DSH_PBM,SITE_KIT_01,DSH_PBM,2025-12-22,55,56,portion
P_2025-12-22_DSH_GOBIMANCH,SITE_KIT_01,DSH_GOBIMANCH,2025-12-22,34,33,portion
P_2025-12-22_DSH_PALAK,SITE_KIT_01,DSH_PALAK,2025-12-22,26,26,portion
P_2025-12-22_DSH_NAAN,SITE_KIT_01,DSH_NAAN,2025-12-22,118,123,portion
P_2025-12-22_DSH_ROTI,SITE_KIT_01,DSH_ROTI,2025-12-22,84,75,portion
P_2025-12-22_DSH_JEERARICE,SITE_KIT_01,DSH_JEERARICE,2025-12-22,40,39,portion
P_2025-12-22_DSH_DALTADKA,SITE_KIT_01,DSH_DALTADKA,2025-12-22,48,49,portion
P_2025-12-22_DSH_ROGANJOSH,SITE_KIT_01,DSH_ROGANJOSH,2025-12-22,16,16,portion
P_2025-12-22_DSH_VEGPULAO,SITE_KIT_01,DSH_VEGPULAO,2025-12-22,22,22,portion
P_2025-12-22_DSH_DOSA,SITE_KIT_01,DSH_DOSA,2025-12-22,68,67,portion
P_2025-12-22_DSH_MIXVEG,SITE_KIT_01,DSH_MIXVEG,2025-12-22,30,29,portion
P_2025-12-22_DSH_FISHCURRY,SITE_KIT_01,DSH_FISHCURRY,2025-12-22,19,20,portion
P_2025-12-22_DSH_SIDES,SITE_KIT_01,DSH_SIDES,2025-12-22,169,169,portion
P_2025-12-23_DSH_CHBIRYANI,SITE_KIT_01,DSH_CHBIRYANI,2025-12-23,40,42,portion
P_2025-12-23_DSH_VGBIRYANI,SITE_KIT_01,DSH_VGBIRYANI,2025-12-23,39,39,portion
P_2025-12-23_DSH_PBM,SITE_KIT_01,DSH_PBM,2025-12-23,47,47,portion
P_2025-12-23_DSH_GOBIMANCH,SITE_KIT_01,DSH_GOBIMANCH,2025-12-23,35,35,portion
P_2025-12-23_DSH_PALAK,SITE_KIT_01,DSH_PALAK,2025-12-23,27,26,portion
P_2025-12-23_DSH_NAAN,SITE_KIT_01,DSH_NAAN,2025-12-23,121,116,portion
P_2025-12-23_DSH_ROTI,SITE_KIT_01,DSH_ROTI,2025-12-23,88,95,portion
P_2025-12-23_DSH_JEERARICE,SITE_KIT_01,DSH_JEERARICE,2025-12-23,41,43,portion
P_2025-12-23_DSH_DALTADKA,SITE_KIT_01,DSH_DALTADKA,2025-12-23,49,47,portion
P_2025-12-23_DSH_ROGANJOSH,SITE_KIT_01,DSH_ROGANJOSH,2025-12-23,17,18,portion
P_2025-12-23_DSH_VEGPULAO,SITE_KIT_01,DSH_VEGPULAO,2025-12-23,23,23,portion
P_2025-12-23_DSH_DOSA,SITE_KIT_01,DSH_DOSA,2025-12-23,67,54,portion
P_2025-12-23_DSH_MIXVEG,SITE_KIT_01,DSH_MIXVEG,2025-12-23,31,30,portion
P_2025-12-23_DSH_FISHCURRY,SITE_KIT_01,DSH_FISHCURRY,2025-12-23,20,20,portion
P_2025-12-23_DSH_SIDES,SITE_KIT_01,DSH_SIDES,2025-12-23,173,173,portion
P_2025-12-24_DSH_CHBIRYANI,SITE_KIT_01,DSH_CHBIRYANI,2025-12-24,52,52,portion
P_2025-12-24_DSH_VGBIRYANI,SITE_KIT_01,DSH_VGBIRYANI,2025-12-24,37,38,portion
P_2025-12-24_DSH_PBM,SITE_KIT_01,DSH_PBM,2025-12-24,61,60,portion
P_2025-12-24_DSH_GOBIMANCH,SITE_KIT_01,DSH_GOBIMANCH,2025-12-24,45,48,portion
P_2025-12-24_DSH_PALAK,SITE_KIT_01,DSH_PALAK,2025-12-24,35,35,portion
P_2025-12-24_DSH_NAAN,SITE_KIT_01,DSH_NAAN,2025-12-24,158,145,portion
P_2025-12-24_DSH_ROTI,SITE_KIT_01,DSH_ROTI,2025-12-24,113,85,portion
P_2025-12-24_DSH_JEERARICE,SITE_KIT_01,DSH_JEERARICE,2025-12-24,53,50,portion
P_2025-12-24_DSH_DALTADKA,SITE_KIT_01,DSH_DALTADKA,2025-12-24,64,64,portion
P_2025-12-24_DSH_ROGANJOSH,SITE_KIT_01,DSH_ROGANJOSH,2025-12-24,23,24,portion
P_2025-12-24_DSH_VEGPULAO,SITE_KIT_01,DSH_VEGPULAO,2025-12-24,29,29,portion
P_2025-12-24_DSH_DOSA,SITE_KIT_01,DSH_DOSA,2025-12-24,104,102,portion
P_2025-12-24_DSH_MIXVEG,SITE_KIT_01,DSH_MIXVEG,2025-12-24,40,40,portion
P_2025-12-24_DSH_FISHCURRY,SITE_KIT_01,DSH_FISHCURRY,2025-12-24,26,25,portion
P_2025-12-24_DSH_SIDES,SITE_KIT_01,DSH_SIDES,2025-12-24,221,221,portion
P_2025-12-25_DSH_CHBIRYANI,SITE_KIT_01,DSH_CHBIRYANI,2025-12-25,64,62,portion
P_2025-12-25_DSH_VGBIRYANI,SITE_KIT_01,DSH_VGBIRYANI,2025-12-25,46,46,portion
P_2025-12-25_DSH_PBM,SITE_KIT_01,DSH_PBM,2025-12-25,75,77,portion
P_2025-12-25_DSH_GOBIMANCH,SITE_KIT_01,DSH_GOBIMANCH,2025-12-25,56,56,portion
P_2025-12-25_DSH_PALAK,SITE_KIT_01,DSH_PALAK,2025-12-25,43,42,portion
P_2025-12-25_DSH_NAAN,SITE_KIT_01,DSH_NAAN,2025-12-25,195,226,portion
P_2025-12-25_DSH_ROTI,SITE_KIT_01,DSH_ROTI,2025-12-25,140,147,portion
P_2025-12-25_DSH_JEERARICE,SITE_KIT_01,DSH_JEERARICE,2025-12-25,66,68,portion
P_2025-12-25_DSH_DALTADKA,SITE_KIT_01,DSH_DALTADKA,2025-12-25,79,76,portion
P_2025-12-25_DSH_ROGANJOSH,SITE_KIT_01,DSH_ROGANJOSH,2025-12-25,29,28,portion
P_2025-12-25_DSH_VEGPULAO,SITE_KIT_01,DSH_VEGPULAO,2025-12-25,36,36,portion
P_2025-12-25_DSH_DOSA,SITE_KIT_01,DSH_DOSA,2025-12-25,94,84,portion
P_2025-12-25_DSH_MIXVEG,SITE_KIT_01,DSH_MIXVEG,2025-12-25,49,50,portion
P_2025-12-25_DSH_FISHCURRY,SITE_KIT_01,DSH_FISHCURRY,2025-12-25,31,30,portion
P_2025-12-25_DSH_SIDES,SITE_KIT_01,DSH_SIDES,2025-12-25,280,280,portion
P_2025-12-26_DSH_CHBIRYANI,SITE_KIT_01,DSH_CHBIRYANI,2025-12-26,82,80,portion
P_2025-12-26_DSH_VGBIRYANI,SITE_KIT_01,DSH_VGBIRYANI,2025-12-26,43,43,portion
P_2025-12-26_DSH_PBM,SITE_KIT_01,DSH_PBM,2025-12-26,71,70,portion
P_2025-12-26_DSH_GOBIMANCH,SITE_KIT_01,DSH_GOBIMANCH,2025-12-26,53,53,portion
P_2025-12-26_DSH_PALAK,SITE_KIT_01,DSH_PALAK,2025-12-26,40,39,portion
P_2025-12-26_DSH_NAAN,SITE_KIT_01,DSH_NAAN,2025-12-26,184,198,portion
P_2025-12-26_DSH_ROTI,SITE_KIT_01,DSH_ROTI,2025-12-26,132,124,portion
P_2025-12-26_DSH_JEERARICE,SITE_KIT_01,DSH_JEERARICE,2025-12-26,62,64,portion
P_2025-12-26_DSH_DALTADKA,SITE_KIT_01,DSH_DALTADKA,2025-12-26,75,76,portion
P_2025-12-26_DSH_ROGANJOSH,SITE_KIT_01,DSH_ROGANJOSH,2025-12-26,34,33,portion
P_2025-12-26_DSH_VEGPULAO,SITE_KIT_01,DSH_VEGPULAO,2025-12-26,34,35,portion
P_2025-12-26_DSH_DOSA,SITE_KIT_01,DSH_DOSA,2025-12-26,73,65,portion
P_2025-12-26_DSH_MIXVEG,SITE_KIT_01,DSH_MIXVEG,2025-12-26,47,46,portion
P_2025-12-26_DSH_FISHCURRY,SITE_KIT_01,DSH_FISHCURRY,2025-12-26,33,34,portion
P_2025-12-26_DSH_SIDES,SITE_KIT_01,DSH_SIDES,2025-12-26,265,265,portion
P_2025-12-27_DSH_CHBIRYANI,SITE_KIT_01,DSH_CHBIRYANI,2025-12-27,75,76,portion
P_2025-12-27_DSH_VGBIRYANI,SITE_KIT_01,DSH_VGBIRYANI,2025-12-27,48,48,portion
P_2025-12-27_DSH_PBM,SITE_KIT_01,DSH_PBM,2025-12-27,79,79,portion
P_2025-12-27_DSH_GOBIMANCH,SITE_KIT_01,DSH_GOBIMANCH,2025-12-27,59,60,portion
P_2025-12-27_DSH_PALAK,SITE_KIT_01,DSH_PALAK,2025-12-27,45,45,portion
P_2025-12-27_DSH_NAAN,SITE_KIT_01,DSH_NAAN,2025-12-27,204,195,portion
P_2025-12-27_DSH_ROTI,SITE_KIT_01,DSH_ROTI,2025-12-27,147,135,portion
P_2025-12-27_DSH_JEERARICE,SITE_KIT_01,DSH_JEERARICE,2025-12-27,69,68,portion
P_2025-12-27_DSH_DALTADKA,SITE_KIT_01,DSH_DALTADKA,2025-12-27,83,83,portion
P_2025-12-27_DSH_ROGANJOSH,SITE_KIT_01,DSH_ROGANJOSH,2025-12-27,37,39,portion
P_2025-12-27_DSH_VEGPULAO,SITE_KIT_01,DSH_VEGPULAO,2025-12-27,38,39,portion
P_2025-12-27_DSH_DOSA,SITE_KIT_01,DSH_DOSA,2025-12-27,83,78,portion
P_2025-12-27_DSH_MIXVEG,SITE_KIT_01,DSH_MIXVEG,2025-12-27,52,50,portion
P_2025-12-27_DSH_FISHCURRY,SITE_KIT_01,DSH_FISHCURRY,2025-12-27,36,36,portion
P_2025-12-27_DSH_SIDES,SITE_KIT_01,DSH_SIDES,2025-12-27,263,263,portion
P_2025-12-28_DSH_CHBIRYANI,SITE_KIT_01,DSH_CHBIRYANI,2025-12-28,67,66,portion
P_2025-12-28_DSH_VGBIRYANI,SITE_KIT_01,DSH_VGBIRYANI,2025-12-28,44,43,portion
P_2025-12-28_DSH_PBM,SITE_KIT_01,DSH_PBM,2025-12-28,72,70,portion
P_2025-12-28_DSH_GOBIMANCH,SITE_KIT_01,DSH_GOBIMANCH,2025-12-28,54,53,portion
P_2025-12-28_DSH_PALAK,SITE_KIT_01,DSH_PALAK,2025-12-28,41,41,portion
P_2025-12-28_DSH_NAAN,SITE_KIT_01,DSH_NAAN,2025-12-28,181,168,portion
P_2025-12-28_DSH_ROTI,SITE_KIT_01,DSH_ROTI,2025-12-28,135,119,portion
P_2025-12-28_DSH_JEERARICE,SITE_KIT_01,DSH_JEERARICE,2025-12-28,63,64,portion
P_2025-12-28_DSH_DALTADKA,SITE_KIT_01,DSH_DALTADKA,2025-12-28,76,78,portion
P_2025-12-28_DSH_ROGANJOSH,SITE_KIT_01,DSH_ROGANJOSH,2025-12-28,33,34,portion
P_2025-12-28_DSH_VEGPULAO,SITE_KIT_01,DSH_VEGPULAO,2025-12-28,35,35,portion
P_2025-12-28_DSH_DOSA,SITE_KIT_01,DSH_DOSA,2025-12-28,88,71,portion
P_2025-12-28_DSH_MIXVEG,SITE_KIT_01,DSH_MIXVEG,2025-12-28,47,49,portion
P_2025-12-28_DSH_FISHCURRY,SITE_KIT_01,DSH_FISHCURRY,2025-12-28,32,33,portion
P_2025-12-28_DSH_SIDES,SITE_KIT_01,DSH_SIDES,2025-12-28,253,253,portion
P_2025-12-29_DSH_CHBIRYANI,SITE_KIT_01,DSH_CHBIRYANI,2025-12-29,38,37,portion
P_2025-12-29_DSH_VGBIRYANI,SITE_KIT_01,DSH_VGBIRYANI,2025-12-29,28,28,portion
P_2025-12-29_DSH_PBM,SITE_KIT_01,DSH_PBM,2025-12-29,56,57,portion
P_2025-12-29_DSH_GOBIMANCH,SITE_KIT_01,DSH_GOBIMANCH,2025-12-29,34,34,portion
P_2025-12-29_DSH_PALAK,SITE_KIT_01,DSH_PALAK,2025-12-29,26,27,portion
P_2025-12-29_DSH_NAAN,SITE_KIT_01,DSH_NAAN,2025-12-29,119,110,portion
P_2025-12-29_DSH_ROTI,SITE_KIT_01,DSH_ROTI,2025-12-29,85,68,portion
P_2025-12-29_DSH_JEERARICE,SITE_KIT_01,DSH_JEERARICE,2025-12-29,40,41,portion
P_2025-12-29_DSH_DALTADKA,SITE_KIT_01,DSH_DALTADKA,2025-12-29,48,47,portion
P_2025-12-29_DSH_ROGANJOSH,SITE_KIT_01,DSH_ROGANJOSH,2025-12-29,16,16,portion
P_2025-12-29_DSH_VEGPULAO,SITE_KIT_01,DSH_VEGPULAO,2025-12-29,22,22,portion
P_2025-12-29_DSH_DOSA,SITE_KIT_01,DSH_DOSA,2025-12-29,68,47,portion
P_2025-12-29_DSH_MIXVEG,SITE_KIT_01,DSH_MIXVEG,2025-12-29,30,28,portion
P_2025-12-29_DSH_FISHCURRY,SITE_KIT_01,DSH_FISHCURRY,2025-12-29,19,19,portion
P_2025-12-29_DSH_SIDES,SITE_KIT_01,DSH_SIDES,2025-12-29,153,153,portion
P_2025-12-30_DSH_CHBIRYANI,SITE_KIT_01,DSH_CHBIRYANI,2025-12-30,40,42,portion
P_2025-12-30_DSH_VGBIRYANI,SITE_KIT_01,DSH_VGBIRYANI,2025-12-30,39,38,portion
P_2025-12-30_DSH_PBM,SITE_KIT_01,DSH_PBM,2025-12-30,47,48,portion
P_2025-12-30_DSH_GOBIMANCH,SITE_KIT_01,DSH_GOBIMANCH,2025-12-30,35,34,portion
P_2025-12-30_DSH_PALAK,SITE_KIT_01,DSH_PALAK,2025-12-30,27,28,portion
P_2025-12-30_DSH_NAAN,SITE_KIT_01,DSH_NAAN,2025-12-30,122,93,portion
P_2025-12-30_DSH_ROTI,SITE_KIT_01,DSH_ROTI,2025-12-30,88,91,portion
P_2025-12-30_DSH_JEERARICE,SITE_KIT_01,DSH_JEERARICE,2025-12-30,41,40,portion
P_2025-12-30_DSH_DALTADKA,SITE_KIT_01,DSH_DALTADKA,2025-12-30,50,50,portion
P_2025-12-30_DSH_ROGANJOSH,SITE_KIT_01,DSH_ROGANJOSH,2025-12-30,17,18,portion
P_2025-12-30_DSH_VEGPULAO,SITE_KIT_01,DSH_VEGPULAO,2025-12-30,23,23,portion
P_2025-12-30_DSH_DOSA,SITE_KIT_01,DSH_DOSA,2025-12-30,67,62,portion
P_2025-12-30_DSH_MIXVEG,SITE_KIT_01,DSH_MIXVEG,2025-12-30,31,29,portion
P_2025-12-30_DSH_FISHCURRY,SITE_KIT_01,DSH_FISHCURRY,2025-12-30,20,20,portion
P_2025-12-30_DSH_SIDES,SITE_KIT_01,DSH_SIDES,2025-12-30,174,174,portion
P_2025-12-31_DSH_CHBIRYANI,SITE_KIT_01,DSH_CHBIRYANI,2025-12-31,67,67,portion
P_2025-12-31_DSH_VGBIRYANI,SITE_KIT_01,DSH_VGBIRYANI,2025-12-31,48,47,portion
P_2025-12-31_DSH_PBM,SITE_KIT_01,DSH_PBM,2025-12-31,78,78,portion
P_2025-12-31_DSH_GOBIMANCH,SITE_KIT_01,DSH_GOBIMANCH,2025-12-31,58,57,portion
P_2025-12-31_DSH_PALAK,SITE_KIT_01,DSH_PALAK,2025-12-31,44,45,portion
P_2025-12-31_DSH_NAAN,SITE_KIT_01,DSH_NAAN,2025-12-31,203,201,portion
P_2025-12-31_DSH_ROTI,SITE_KIT_01,DSH_ROTI,2025-12-31,145,123,portion
P_2025-12-31_DSH_JEERARICE,SITE_KIT_01,DSH_JEERARICE,2025-12-31,68,69,portion
P_2025-12-31_DSH_DALTADKA,SITE_KIT_01,DSH_DALTADKA,2025-12-31,82,81,portion
P_2025-12-31_DSH_ROGANJOSH,SITE_KIT_01,DSH_ROGANJOSH,2025-12-31,29,30,portion
P_2025-12-31_DSH_VEGPULAO,SITE_KIT_01,DSH_VEGPULAO,2025-12-31,37,37,portion
P_2025-12-31_DSH_DOSA,SITE_KIT_01,DSH_DOSA,2025-12-31,133,114,portion
P_2025-12-31_DSH_MIXVEG,SITE_KIT_01,DSH_MIXVEG,2025-12-31,51,51,portion
P_2025-12-31_DSH_FISHCURRY,SITE_KIT_01,DSH_FISHCURRY,2025-12-31,33,34,portion
P_2025-12-31_DSH_SIDES,SITE_KIT_01,DSH_SIDES,2025-12-31,280,280,portion
P_2026-01-01_DSH_CHBIRYANI,SITE_KIT_01,DSH_CHBIRYANI,2026-01-01,63,66,portion
P_2026-01-01_DSH_VGBIRYANI,SITE_KIT_01,DSH_VGBIRYANI,2026-01-01,45,47,portion
P_2026-01-01_DSH_PBM,SITE_KIT_01,DSH_PBM,2026-01-01,73,77,portion
P_2026-01-01_DSH_GOBIMANCH,SITE_KIT_01,DSH_GOBIMANCH,2026-01-01,55,55,portion
P_2026-01-01_DSH_PALAK,SITE_KIT_01,DSH_PALAK,2026-01-01,42,41,portion
P_2026-01-01_DSH_NAAN,SITE_KIT_01,DSH_NAAN,2026-01-01,191,171,portion
P_2026-01-01_DSH_ROTI,SITE_KIT_01,DSH_ROTI,2026-01-01,137,145,portion
P_2026-01-01_DSH_JEERARICE,SITE_KIT_01,DSH_JEERARICE,2026-01-01,64,64,portion
P_2026-01-01_DSH_DALTADKA,SITE_KIT_01,DSH_DALTADKA,2026-01-01,77,78,portion
P_2026-01-01_DSH_ROGANJOSH,SITE_KIT_01,DSH_ROGANJOSH,2026-01-01,28,28,portion
P_2026-01-01_DSH_VEGPULAO,SITE_KIT_01,DSH_VEGPULAO,2026-01-01,35,36,portion
P_2026-01-01_DSH_DOSA,SITE_KIT_01,DSH_DOSA,2026-01-01,92,86,portion
P_2026-01-01_DSH_MIXVEG,SITE_KIT_01,DSH_MIXVEG,2026-01-01,48,50,portion
P_2026-01-01_DSH_FISHCURRY,SITE_KIT_01,DSH_FISHCURRY,2026-01-01,31,32,portion
P_2026-01-01_DSH_SIDES,SITE_KIT_01,DSH_SIDES,2026-01-01,255,255,portion
P_2026-01-02_DSH_CHBIRYANI,SITE_KIT_01,DSH_CHBIRYANI,2026-01-02,82,80,portion
P_2026-01-02_DSH_VGBIRYANI,SITE_KIT_01,DSH_VGBIRYANI,2026-01-02,44,44,portion
P_2026-01-02_DSH_PBM,SITE_KIT_01,DSH_PBM,2026-01-02,72,74,portion
P_2026-01-02_DSH_GOBIMANCH,SITE_KIT_01,DSH_GOBIMANCH,2026-01-02,53,53,portion
P_2026-01-02_DSH_PALAK,SITE_KIT_01,DSH_PALAK,2026-01-02,41,41,portion
P_2026-01-02_DSH_NAAN,SITE_KIT_01,DSH_NAAN,2026-01-02,185,171,portion
P_2026-01-02_DSH_ROTI,SITE_KIT_01,DSH_ROTI,2026-01-02,133,132,portion
P_2026-01-02_DSH_JEERARICE,SITE_KIT_01,DSH_JEERARICE,2026-01-02,63,63,portion
P_2026-01-02_DSH_DALTADKA,SITE_KIT_01,DSH_DALTADKA,2026-01-02,75,74,portion
P_2026-01-02_DSH_ROGANJOSH,SITE_KIT_01,DSH_ROGANJOSH,2026-01-02,34,34,portion
P_2026-01-02_DSH_VEGPULAO,SITE_KIT_01,DSH_VEGPULAO,2026-01-02,34,34,portion
P_2026-01-02_DSH_DOSA,SITE_KIT_01,DSH_DOSA,2026-01-02,74,48,portion
P_2026-01-02_DSH_MIXVEG,SITE_KIT_01,DSH_MIXVEG,2026-01-02,47,48,portion
P_2026-01-02_DSH_FISHCURRY,SITE_KIT_01,DSH_FISHCURRY,2026-01-02,33,33,portion
P_2026-01-02_DSH_SIDES,SITE_KIT_01,DSH_SIDES,2026-01-02,257,257,portion
P_2026-01-03_DSH_CHBIRYANI,SITE_KIT_01,DSH_CHBIRYANI,2026-01-03,76,80,portion
P_2026-01-03_DSH_VGBIRYANI,SITE_KIT_01,DSH_VGBIRYANI,2026-01-03,49,49,portion
P_2026-01-03_DSH_PBM,SITE_KIT_01,DSH_PBM,2026-01-03,80,83,portion
P_2026-01-03_DSH_GOBIMANCH,SITE_KIT_01,DSH_GOBIMANCH,2026-01-03,59,61,portion
P_2026-01-03_DSH_PALAK,SITE_KIT_01,DSH_PALAK,2026-01-03,45,46,portion
P_2026-01-03_DSH_NAAN,SITE_KIT_01,DSH_NAAN,2026-01-03,205,176,portion
P_2026-01-03_DSH_ROTI,SITE_KIT_01,DSH_ROTI,2026-01-03,148,136,portion
P_2026-01-03_DSH_JEERARICE,SITE_KIT_01,DSH_JEERARICE,2026-01-03,70,71,portion
P_2026-01-03_DSH_DALTADKA,SITE_KIT_01,DSH_DALTADKA,2026-01-03,83,87,portion
P_2026-01-03_DSH_ROGANJOSH,SITE_KIT_01,DSH_ROGANJOSH,2026-01-03,37,37,portion
P_2026-01-03_DSH_VEGPULAO,SITE_KIT_01,DSH_VEGPULAO,2026-01-03,38,38,portion
P_2026-01-03_DSH_DOSA,SITE_KIT_01,DSH_DOSA,2026-01-03,83,73,portion
P_2026-01-03_DSH_MIXVEG,SITE_KIT_01,DSH_MIXVEG,2026-01-03,52,52,portion
P_2026-01-03_DSH_FISHCURRY,SITE_KIT_01,DSH_FISHCURRY,2026-01-03,36,36,portion
P_2026-01-03_DSH_SIDES,SITE_KIT_01,DSH_SIDES,2026-01-03,283,283,portion
P_2026-01-04_DSH_CHBIRYANI,SITE_KIT_01,DSH_CHBIRYANI,2026-01-04,68,68,portion
P_2026-01-04_DSH_VGBIRYANI,SITE_KIT_01,DSH_VGBIRYANI,2026-01-04,45,44,portion
P_2026-01-04_DSH_PBM,SITE_KIT_01,DSH_PBM,2026-01-04,73,75,portion
P_2026-01-04_DSH_GOBIMANCH,SITE_KIT_01,DSH_GOBIMANCH,2026-01-04,54,54,portion
P_2026-01-04_DSH_PALAK,SITE_KIT_01,DSH_PALAK,2026-01-04,41,42,portion
P_2026-01-04_DSH_NAAN,SITE_KIT_01,DSH_NAAN,2026-01-04,183,176,portion
P_2026-01-04_DSH_ROTI,SITE_KIT_01,DSH_ROTI,2026-01-04,136,146,portion
P_2026-01-04_DSH_JEERARICE,SITE_KIT_01,DSH_JEERARICE,2026-01-04,64,65,portion
P_2026-01-04_DSH_DALTADKA,SITE_KIT_01,DSH_DALTADKA,2026-01-04,76,76,portion
P_2026-01-04_DSH_ROGANJOSH,SITE_KIT_01,DSH_ROGANJOSH,2026-01-04,33,32,portion
P_2026-01-04_DSH_VEGPULAO,SITE_KIT_01,DSH_VEGPULAO,2026-01-04,35,35,portion
P_2026-01-04_DSH_DOSA,SITE_KIT_01,DSH_DOSA,2026-01-04,89,57,portion
P_2026-01-04_DSH_MIXVEG,SITE_KIT_01,DSH_MIXVEG,2026-01-04,48,48,portion
P_2026-01-04_DSH_FISHCURRY,SITE_KIT_01,DSH_FISHCURRY,2026-01-04,32,32,portion
P_2026-01-04_DSH_SIDES,SITE_KIT_01,DSH_SIDES,2026-01-04,255,255,portion
P_2026-01-05_DSH_CHBIRYANI,SITE_KIT_01,DSH_CHBIRYANI,2026-01-05,38,37,portion
P_2026-01-05_DSH_VGBIRYANI,SITE_KIT_01,DSH_VGBIRYANI,2026-01-05,28,29,portion
P_2026-01-05_DSH_PBM,SITE_KIT_01,DSH_PBM,2026-01-05,56,54,portion
P_2026-01-05_DSH_GOBIMANCH,SITE_KIT_01,DSH_GOBIMANCH,2026-01-05,34,33,portion
P_2026-01-05_DSH_PALAK,SITE_KIT_01,DSH_PALAK,2026-01-05,26,27,portion
P_2026-01-05_DSH_NAAN,SITE_KIT_01,DSH_NAAN,2026-01-05,120,126,portion
P_2026-01-05_DSH_ROTI,SITE_KIT_01,DSH_ROTI,2026-01-05,86,91,portion
P_2026-01-05_DSH_JEERARICE,SITE_KIT_01,DSH_JEERARICE,2026-01-05,40,39,portion
P_2026-01-05_DSH_DALTADKA,SITE_KIT_01,DSH_DALTADKA,2026-01-05,48,47,portion
P_2026-01-05_DSH_ROGANJOSH,SITE_KIT_01,DSH_ROGANJOSH,2026-01-05,16,16,portion
P_2026-01-05_DSH_VEGPULAO,SITE_KIT_01,DSH_VEGPULAO,2026-01-05,22,22,portion
P_2026-01-05_DSH_DOSA,SITE_KIT_01,DSH_DOSA,2026-01-05,69,60,portion
P_2026-01-05_DSH_MIXVEG,SITE_KIT_01,DSH_MIXVEG,2026-01-05,30,30,portion
P_2026-01-05_DSH_FISHCURRY,SITE_KIT_01,DSH_FISHCURRY,2026-01-05,20,21,portion
P_2026-01-05_DSH_SIDES,SITE_KIT_01,DSH_SIDES,2026-01-05,176,176,portion
P_2026-01-06_DSH_CHBIRYANI,SITE_KIT_01,DSH_CHBIRYANI,2026-01-06,40,40,portion
P_2026-01-06_DSH_VGBIRYANI,SITE_KIT_01,DSH_VGBIRYANI,2026-01-06,39,39,portion
P_2026-01-06_DSH_PBM,SITE_KIT_01,DSH_PBM,2026-01-06,48,48,portion
P_2026-01-06_DSH_GOBIMANCH,SITE_KIT_01,DSH_GOBIMANCH,2026-01-06,35,36,portion
P_2026-01-06_DSH_PALAK,SITE_KIT_01,DSH_PALAK,2026-01-06,27,27,portion
P_2026-01-06_DSH_NAAN,SITE_KIT_01,DSH_NAAN,2026-01-06,123,125,portion
P_2026-01-06_DSH_ROTI,SITE_KIT_01,DSH_ROTI,2026-01-06,89,94,portion
P_2026-01-06_DSH_JEERARICE,SITE_KIT_01,DSH_JEERARICE,2026-01-06,42,44,portion
P_2026-01-06_DSH_DALTADKA,SITE_KIT_01,DSH_DALTADKA,2026-01-06,50,49,portion
P_2026-01-06_DSH_ROGANJOSH,SITE_KIT_01,DSH_ROGANJOSH,2026-01-06,17,17,portion
P_2026-01-06_DSH_VEGPULAO,SITE_KIT_01,DSH_VEGPULAO,2026-01-06,23,23,portion
P_2026-01-06_DSH_DOSA,SITE_KIT_01,DSH_DOSA,2026-01-06,68,58,portion
P_2026-01-06_DSH_MIXVEG,SITE_KIT_01,DSH_MIXVEG,2026-01-06,31,29,portion
P_2026-01-06_DSH_FISHCURRY,SITE_KIT_01,DSH_FISHCURRY,2026-01-06,21,21,portion
P_2026-01-06_DSH_SIDES,SITE_KIT_01,DSH_SIDES,2026-01-06,172,172,portion
P_2026-01-07_DSH_CHBIRYANI,SITE_KIT_01,DSH_CHBIRYANI,2026-01-07,43,44,portion
P_2026-01-07_DSH_VGBIRYANI,SITE_KIT_01,DSH_VGBIRYANI,2026-01-07,31,29,portion
P_2026-01-07_DSH_PBM,SITE_KIT_01,DSH_PBM,2026-01-07,51,52,portion
P_2026-01-07_DSH_GOBIMANCH,SITE_KIT_01,DSH_GOBIMANCH,2026-01-07,38,38,portion
P_2026-01-07_DSH_PALAK,SITE_KIT_01,DSH_PALAK,2026-01-07,29,31,portion
P_2026-01-07_DSH_NAAN,SITE_KIT_01,DSH_NAAN,2026-01-07,132,131,portion
P_2026-01-07_DSH_ROTI,SITE_KIT_01,DSH_ROTI,2026-01-07,94,89,portion
P_2026-01-07_DSH_JEERARICE,SITE_KIT_01,DSH_JEERARICE,2026-01-07,44,42,portion
P_2026-01-07_DSH_DALTADKA,SITE_KIT_01,DSH_DALTADKA,2026-01-07,53,53,portion
P_2026-01-07_DSH_ROGANJOSH,SITE_KIT_01,DSH_ROGANJOSH,2026-01-07,19,19,portion
P_2026-01-07_DSH_VEGPULAO,SITE_KIT_01,DSH_VEGPULAO,2026-01-07,24,25,portion
P_2026-01-07_DSH_DOSA,SITE_KIT_01,DSH_DOSA,2026-01-07,87,74,portion
P_2026-01-07_DSH_MIXVEG,SITE_KIT_01,DSH_MIXVEG,2026-01-07,33,32,portion
P_2026-01-07_DSH_FISHCURRY,SITE_KIT_01,DSH_FISHCURRY,2026-01-07,22,23,portion
P_2026-01-07_DSH_SIDES,SITE_KIT_01,DSH_SIDES,2026-01-07,182,182,portion
P_2026-01-08_DSH_CHBIRYANI,SITE_KIT_01,DSH_CHBIRYANI,2026-01-08,47,49,portion
P_2026-01-08_DSH_VGBIRYANI,SITE_KIT_01,DSH_VGBIRYANI,2026-01-08,34,33,portion
P_2026-01-08_DSH_PBM,SITE_KIT_01,DSH_PBM,2026-01-08,55,55,portion
P_2026-01-08_DSH_GOBIMANCH,SITE_KIT_01,DSH_GOBIMANCH,2026-01-08,41,41,portion
P_2026-01-08_DSH_PALAK,SITE_KIT_01,DSH_PALAK,2026-01-08,31,31,portion
P_2026-01-08_DSH_NAAN,SITE_KIT_01,DSH_NAAN,2026-01-08,143,146,portion
P_2026-01-08_DSH_ROTI,SITE_KIT_01,DSH_ROTI,2026-01-08,103,107,portion
P_2026-01-08_DSH_JEERARICE,SITE_KIT_01,DSH_JEERARICE,2026-01-08,48,50,portion
P_2026-01-08_DSH_DALTADKA,SITE_KIT_01,DSH_DALTADKA,2026-01-08,58,59,portion
P_2026-01-08_DSH_ROGANJOSH,SITE_KIT_01,DSH_ROGANJOSH,2026-01-08,21,21,portion
P_2026-01-08_DSH_VEGPULAO,SITE_KIT_01,DSH_VEGPULAO,2026-01-08,27,26,portion
P_2026-01-08_DSH_DOSA,SITE_KIT_01,DSH_DOSA,2026-01-08,69,65,portion
P_2026-01-08_DSH_MIXVEG,SITE_KIT_01,DSH_MIXVEG,2026-01-08,36,36,portion
P_2026-01-08_DSH_FISHCURRY,SITE_KIT_01,DSH_FISHCURRY,2026-01-08,23,23,portion
P_2026-01-08_DSH_SIDES,SITE_KIT_01,DSH_SIDES,2026-01-08,201,201,portion
P_2026-01-09_DSH_CHBIRYANI,SITE_KIT_01,DSH_CHBIRYANI,2026-01-09,83,86,portion
P_2026-01-09_DSH_VGBIRYANI,SITE_KIT_01,DSH_VGBIRYANI,2026-01-09,44,45,portion
P_2026-01-09_DSH_PBM,SITE_KIT_01,DSH_PBM,2026-01-09,72,71,portion
P_2026-01-09_DSH_GOBIMANCH,SITE_KIT_01,DSH_GOBIMANCH,2026-01-09,54,53,portion
P_2026-01-09_DSH_PALAK,SITE_KIT_01,DSH_PALAK,2026-01-09,41,41,portion
P_2026-01-09_DSH_NAAN,SITE_KIT_01,DSH_NAAN,2026-01-09,187,169,portion
P_2026-01-09_DSH_ROTI,SITE_KIT_01,DSH_ROTI,2026-01-09,134,117,portion
P_2026-01-09_DSH_JEERARICE,SITE_KIT_01,DSH_JEERARICE,2026-01-09,63,65,portion
P_2026-01-09_DSH_DALTADKA,SITE_KIT_01,DSH_DALTADKA,2026-01-09,76,75,portion
P_2026-01-09_DSH_ROGANJOSH,SITE_KIT_01,DSH_ROGANJOSH,2026-01-09,34,35,portion
P_2026-01-09_DSH_VEGPULAO,SITE_KIT_01,DSH_VEGPULAO,2026-01-09,35,36,portion
P_2026-01-09_DSH_DOSA,SITE_KIT_01,DSH_DOSA,2026-01-09,75,61,portion
P_2026-01-09_DSH_MIXVEG,SITE_KIT_01,DSH_MIXVEG,2026-01-09,47,48,portion
P_2026-01-09_DSH_FISHCURRY,SITE_KIT_01,DSH_FISHCURRY,2026-01-09,33,32,portion
P_2026-01-09_DSH_SIDES,SITE_KIT_01,DSH_SIDES,2026-01-09,255,255,portion
P_2026-01-10_DSH_CHBIRYANI,SITE_KIT_01,DSH_CHBIRYANI,2026-01-10,76,78,portion
P_2026-01-10_DSH_VGBIRYANI,SITE_KIT_01,DSH_VGBIRYANI,2026-01-10,49,48,portion
P_2026-01-10_DSH_PBM,SITE_KIT_01,DSH_PBM,2026-01-10,80,79,portion
P_2026-01-10_DSH_GOBIMANCH,SITE_KIT_01,DSH_GOBIMANCH,2026-01-10,60,59,portion
P_2026-01-10_DSH_PALAK,SITE_KIT_01,DSH_PALAK,2026-01-10,46,46,portion
P_2026-01-10_DSH_NAAN,SITE_KIT_01,DSH_NAAN,2026-01-10,207,187,portion
P_2026-01-10_DSH_ROTI,SITE_KIT_01,DSH_ROTI,2026-01-10,149,166,portion
P_2026-01-10_DSH_JEERARICE,SITE_KIT_01,DSH_JEERARICE,2026-01-10,70,70,portion
P_2026-01-10_DSH_DALTADKA,SITE_KIT_01,DSH_DALTADKA,2026-01-10,84,83,portion
P_2026-01-10_DSH_ROGANJOSH,SITE_KIT_01,DSH_ROGANJOSH,2026-01-10,37,36,portion
P_2026-01-10_DSH_VEGPULAO,SITE_KIT_01,DSH_VEGPULAO,2026-01-10,39,39,portion
P_2026-01-10_DSH_DOSA,SITE_KIT_01,DSH_DOSA,2026-01-10,84,62,portion
P_2026-01-10_DSH_MIXVEG,SITE_KIT_01,DSH_MIXVEG,2026-01-10,53,54,portion
P_2026-01-10_DSH_FISHCURRY,SITE_KIT_01,DSH_FISHCURRY,2026-01-10,36,37,portion
P_2026-01-10_DSH_SIDES,SITE_KIT_01,DSH_SIDES,2026-01-10,289,289,portion
P_2026-01-11_DSH_CHBIRYANI,SITE_KIT_01,DSH_CHBIRYANI,2026-01-11,68,69,portion
P_2026-01-11_DSH_VGBIRYANI,SITE_KIT_01,DSH_VGBIRYANI,2026-01-11,45,45,portion
P_2026-01-11_DSH_PBM,SITE_KIT_01,DSH_PBM,2026-01-11,73,70,portion
P_2026-01-11_DSH_GOBIMANCH,SITE_KIT_01,DSH_GOBIMANCH,2026-01-11,55,58,portion
P_2026-01-11_DSH_PALAK,SITE_KIT_01,DSH_PALAK,2026-01-11,42,41,portion
P_2026-01-11_DSH_NAAN,SITE_KIT_01,DSH_NAAN,2026-01-11,184,189,portion
P_2026-01-11_DSH_ROTI,SITE_KIT_01,DSH_ROTI,2026-01-11,137,133,portion
P_2026-01-11_DSH_JEERARICE,SITE_KIT_01,DSH_JEERARICE,2026-01-11,64,62,portion
P_2026-01-11_DSH_DALTADKA,SITE_KIT_01,DSH_DALTADKA,2026-01-11,77,74,portion
P_2026-01-11_DSH_ROGANJOSH,SITE_KIT_01,DSH_ROGANJOSH,2026-01-11,33,32,portion
P_2026-01-11_DSH_VEGPULAO,SITE_KIT_01,DSH_VEGPULAO,2026-01-11,35,35,portion
P_2026-01-11_DSH_DOSA,SITE_KIT_01,DSH_DOSA,2026-01-11,90,85,portion
P_2026-01-11_DSH_MIXVEG,SITE_KIT_01,DSH_MIXVEG,2026-01-11,48,48,portion
P_2026-01-11_DSH_FISHCURRY,SITE_KIT_01,DSH_FISHCURRY,2026-01-11,33,34,portion
P_2026-01-11_DSH_SIDES,SITE_KIT_01,DSH_SIDES,2026-01-11,266,266,portion
P_2026-01-12_DSH_CHBIRYANI,SITE_KIT_01,DSH_CHBIRYANI,2026-01-12,39,39,portion
P_2026-01-12_DSH_VGBIRYANI,SITE_KIT_01,DSH_VGBIRYANI,2026-01-12,28,29,portion
P_2026-01-12_DSH_PBM,SITE_KIT_01,DSH_PBM,2026-01-12,57,58,portion
P_2026-01-12_DSH_GOBIMANCH,SITE_KIT_01,DSH_GOBIMANCH,2026-01-12,34,33,portion
P_2026-01-12_DSH_PALAK,SITE_KIT_01,DSH_PALAK,2026-01-12,26,26,portion
P_2026-01-12_DSH_NAAN,SITE_KIT_01,DSH_NAAN,2026-01-12,121,119,portion
P_2026-01-12_DSH_ROTI,SITE_KIT_01,DSH_ROTI,2026-01-12,86,91,portion
P_2026-01-12_DSH_JEERARICE,SITE_KIT_01,DSH_JEERARICE,2026-01-12,41,41,portion
P_2026-01-12_DSH_DALTADKA,SITE_KIT_01,DSH_DALTADKA,2026-01-12,49,48,portion
P_2026-01-12_DSH_ROGANJOSH,SITE_KIT_01,DSH_ROGANJOSH,2026-01-12,16,16,portion
P_2026-01-12_DSH_VEGPULAO,SITE_KIT_01,DSH_VEGPULAO,2026-01-12,22,22,portion
P_2026-01-12_DSH_DOSA,SITE_KIT_01,DSH_DOSA,2026-01-12,69,55,portion
P_2026-01-12_DSH_MIXVEG,SITE_KIT_01,DSH_MIXVEG,2026-01-12,30,29,portion
P_2026-01-12_DSH_FISHCURRY,SITE_KIT_01,DSH_FISHCURRY,2026-01-12,20,20,portion
P_2026-01-12_DSH_SIDES,SITE_KIT_01,DSH_SIDES,2026-01-12,168,168,portion
P_2026-01-13_DSH_CHBIRYANI,SITE_KIT_01,DSH_CHBIRYANI,2026-01-13,41,42,portion
P_2026-01-13_DSH_VGBIRYANI,SITE_KIT_01,DSH_VGBIRYANI,2026-01-13,40,41,portion
P_2026-01-13_DSH_PBM,SITE_KIT_01,DSH_PBM,2026-01-13,48,49,portion
P_2026-01-13_DSH_GOBIMANCH,SITE_KIT_01,DSH_GOBIMANCH,2026-01-13,36,36,portion
P_2026-01-13_DSH_PALAK,SITE_KIT_01,DSH_PALAK,2026-01-13,27,26,portion
P_2026-01-13_DSH_NAAN,SITE_KIT_01,DSH_NAAN,2026-01-13,124,126,portion
P_2026-01-13_DSH_ROTI,SITE_KIT_01,DSH_ROTI,2026-01-13,90,85,portion
P_2026-01-13_DSH_JEERARICE,SITE_KIT_01,DSH_JEERARICE,2026-01-13,42,39,portion
P_2026-01-13_DSH_DALTADKA,SITE_KIT_01,DSH_DALTADKA,2026-01-13,50,49,portion
P_2026-01-13_DSH_ROGANJOSH,SITE_KIT_01,DSH_ROGANJOSH,2026-01-13,17,17,portion
P_2026-01-13_DSH_VEGPULAO,SITE_KIT_01,DSH_VEGPULAO,2026-01-13,23,23,portion
P_2026-01-13_DSH_DOSA,SITE_KIT_01,DSH_DOSA,2026-01-13,68,55,portion
P_2026-01-13_DSH_MIXVEG,SITE_KIT_01,DSH_MIXVEG,2026-01-13,32,32,portion
P_2026-01-13_DSH_FISHCURRY,SITE_KIT_01,DSH_FISHCURRY,2026-01-13,21,21,portion
P_2026-01-13_DSH_SIDES,SITE_KIT_01,DSH_SIDES,2026-01-13,169,169,portion
P_2026-01-14_DSH_CHBIRYANI,SITE_KIT_01,DSH_CHBIRYANI,2026-01-14,55,56,portion
P_2026-01-14_DSH_VGBIRYANI,SITE_KIT_01,DSH_VGBIRYANI,2026-01-14,39,39,portion
P_2026-01-14_DSH_PBM,SITE_KIT_01,DSH_PBM,2026-01-14,64,66,portion
P_2026-01-14_DSH_GOBIMANCH,SITE_KIT_01,DSH_GOBIMANCH,2026-01-14,48,47,portion
P_2026-01-14_DSH_PALAK,SITE_KIT_01,DSH_PALAK,2026-01-14,37,37,portion
P_2026-01-14_DSH_NAAN,SITE_KIT_01,DSH_NAAN,2026-01-14,167,175,portion
P_2026-01-14_DSH_ROTI,SITE_KIT_01,DSH_ROTI,2026-01-14,120,116,portion
P_2026-01-14_DSH_JEERARICE,SITE_KIT_01,DSH_JEERARICE,2026-01-14,56,55,portion
P_2026-01-14_DSH_DALTADKA,SITE_KIT_01,DSH_DALTADKA,2026-01-14,67,66,portion
P_2026-01-14_DSH_ROGANJOSH,SITE_KIT_01,DSH_ROGANJOSH,2026-01-14,24,24,portion
P_2026-01-14_DSH_VEGPULAO,SITE_KIT_01,DSH_VEGPULAO,2026-01-14,31,30,portion
P_2026-01-14_DSH_DOSA,SITE_KIT_01,DSH_DOSA,2026-01-14,110,103,portion
P_2026-01-14_DSH_MIXVEG,SITE_KIT_01,DSH_MIXVEG,2026-01-14,42,42,portion
P_2026-01-14_DSH_FISHCURRY,SITE_KIT_01,DSH_FISHCURRY,2026-01-14,27,26,portion
P_2026-01-14_DSH_SIDES,SITE_KIT_01,DSH_SIDES,2026-01-14,241,241,portion
P_2026-01-15_DSH_CHBIRYANI,SITE_KIT_01,DSH_CHBIRYANI,2026-01-15,56,56,portion
P_2026-01-15_DSH_VGBIRYANI,SITE_KIT_01,DSH_VGBIRYANI,2026-01-15,40,39,portion
P_2026-01-15_DSH_PBM,SITE_KIT_01,DSH_PBM,2026-01-15,66,64,portion
P_2026-01-15_DSH_GOBIMANCH,SITE_KIT_01,DSH_GOBIMANCH,2026-01-15,49,49,portion
P_2026-01-15_DSH_PALAK,SITE_KIT_01,DSH_PALAK,2026-01-15,37,37,portion
P_2026-01-15_DSH_NAAN,SITE_KIT_01,DSH_NAAN,2026-01-15,170,140,portion
P_2026-01-15_DSH_ROTI,SITE_KIT_01,DSH_ROTI,2026-01-15,122,125,portion
P_2026-01-15_DSH_JEERARICE,SITE_KIT_01,DSH_JEERARICE,2026-01-15,57,60,portion
P_2026-01-15_DSH_DALTADKA,SITE_KIT_01,DSH_DALTADKA,2026-01-15,69,69,portion
P_2026-01-15_DSH_ROGANJOSH,SITE_KIT_01,DSH_ROGANJOSH,2026-01-15,25,25,portion
P_2026-01-15_DSH_VEGPULAO,SITE_KIT_01,DSH_VEGPULAO,2026-01-15,32,32,portion
P_2026-01-15_DSH_DOSA,SITE_KIT_01,DSH_DOSA,2026-01-15,82,79,portion
P_2026-01-15_DSH_MIXVEG,SITE_KIT_01,DSH_MIXVEG,2026-01-15,43,43,portion
P_2026-01-15_DSH_FISHCURRY,SITE_KIT_01,DSH_FISHCURRY,2026-01-15,27,28,portion
P_2026-01-15_DSH_SIDES,SITE_KIT_01,DSH_SIDES,2026-01-15,232,232,portion
P_2026-01-16_DSH_CHBIRYANI,SITE_KIT_01,DSH_CHBIRYANI,2026-01-16,84,84,portion
P_2026-01-16_DSH_VGBIRYANI,SITE_KIT_01,DSH_VGBIRYANI,2026-01-16,44,45,portion
P_2026-01-16_DSH_PBM,SITE_KIT_01,DSH_PBM,2026-01-16,73,71,portion
P_2026-01-16_DSH_GOBIMANCH,SITE_KIT_01,DSH_GOBIMANCH,2026-01-16,54,53,portion
P_2026-01-16_DSH_PALAK,SITE_KIT_01,DSH_PALAK,2026-01-16,41,41,portion
P_2026-01-16_DSH_NAAN,SITE_KIT_01,DSH_NAAN,2026-01-16,188,187,portion
P_2026-01-16_DSH_ROTI,SITE_KIT_01,DSH_ROTI,2026-01-16,135,120,portion
P_2026-01-16_DSH_JEERARICE,SITE_KIT_01,DSH_JEERARICE,2026-01-16,64,65,portion
P_2026-01-16_DSH_DALTADKA,SITE_KIT_01,DSH_DALTADKA,2026-01-16,76,79,portion
P_2026-01-16_DSH_ROGANJOSH,SITE_KIT_01,DSH_ROGANJOSH,2026-01-16,35,34,portion
P_2026-01-16_DSH_VEGPULAO,SITE_KIT_01,DSH_VEGPULAO,2026-01-16,35,34,portion
P_2026-01-16_DSH_DOSA,SITE_KIT_01,DSH_DOSA,2026-01-16,75,55,portion
P_2026-01-16_DSH_MIXVEG,SITE_KIT_01,DSH_MIXVEG,2026-01-16,48,50,portion
P_2026-01-16_DSH_FISHCURRY,SITE_KIT_01,DSH_FISHCURRY,2026-01-16,33,33,portion
P_2026-01-16_DSH_SIDES,SITE_KIT_01,DSH_SIDES,2026-01-16,258,258,portion
P_2026-01-17_DSH_CHBIRYANI,SITE_KIT_01,DSH_CHBIRYANI,2026-01-17,77,77,portion
P_2026-01-17_DSH_VGBIRYANI,SITE_KIT_01,DSH_VGBIRYANI,2026-01-17,49,51,portion
P_2026-01-17_DSH_PBM,SITE_KIT_01,DSH_PBM,2026-01-17,81,80,portion
P_2026-01-17_DSH_GOBIMANCH,SITE_KIT_01,DSH_GOBIMANCH,2026-01-17,60,59,portion
P_2026-01-17_DSH_PALAK,SITE_KIT_01,DSH_PALAK,2026-01-17,46,46,portion
P_2026-01-17_DSH_NAAN,SITE_KIT_01,DSH_NAAN,2026-01-17,208,207,portion
P_2026-01-17_DSH_ROTI,SITE_KIT_01,DSH_ROTI,2026-01-17,150,131,portion
P_2026-01-17_DSH_JEERARICE,SITE_KIT_01,DSH_JEERARICE,2026-01-17,71,71,portion
P_2026-01-17_DSH_DALTADKA,SITE_KIT_01,DSH_DALTADKA,2026-01-17,85,86,portion
P_2026-01-17_DSH_ROGANJOSH,SITE_KIT_01,DSH_ROGANJOSH,2026-01-17,37,36,portion
P_2026-01-17_DSH_VEGPULAO,SITE_KIT_01,DSH_VEGPULAO,2026-01-17,39,40,portion
P_2026-01-17_DSH_DOSA,SITE_KIT_01,DSH_DOSA,2026-01-17,85,72,portion
P_2026-01-17_DSH_MIXVEG,SITE_KIT_01,DSH_MIXVEG,2026-01-17,53,53,portion
P_2026-01-17_DSH_FISHCURRY,SITE_KIT_01,DSH_FISHCURRY,2026-01-17,37,37,portion
P_2026-01-17_DSH_SIDES,SITE_KIT_01,DSH_SIDES,2026-01-17,291,291,portion
P_2026-01-18_DSH_CHBIRYANI,SITE_KIT_01,DSH_CHBIRYANI,2026-01-18,69,67,portion
P_2026-01-18_DSH_VGBIRYANI,SITE_KIT_01,DSH_VGBIRYANI,2026-01-18,45,45,portion
P_2026-01-18_DSH_PBM,SITE_KIT_01,DSH_PBM,2026-01-18,74,73,portion
P_2026-01-18_DSH_GOBIMANCH,SITE_KIT_01,DSH_GOBIMANCH,2026-01-18,55,54,portion
P_2026-01-18_DSH_PALAK,SITE_KIT_01,DSH_PALAK,2026-01-18,42,42,portion
P_2026-01-18_DSH_NAAN,SITE_KIT_01,DSH_NAAN,2026-01-18,186,181,portion
P_2026-01-18_DSH_ROTI,SITE_KIT_01,DSH_ROTI,2026-01-18,138,159,portion
P_2026-01-18_DSH_JEERARICE,SITE_KIT_01,DSH_JEERARICE,2026-01-18,65,68,portion
P_2026-01-18_DSH_DALTADKA,SITE_KIT_01,DSH_DALTADKA,2026-01-18,78,82,portion
P_2026-01-18_DSH_ROGANJOSH,SITE_KIT_01,DSH_ROGANJOSH,2026-01-18,34,34,portion
P_2026-01-18_DSH_VEGPULAO,SITE_KIT_01,DSH_VEGPULAO,2026-01-18,36,35,portion
P_2026-01-18_DSH_DOSA,SITE_KIT_01,DSH_DOSA,2026-01-18,90,73,portion
P_2026-01-18_DSH_MIXVEG,SITE_KIT_01,DSH_MIXVEG,2026-01-18,48,47,portion
P_2026-01-18_DSH_FISHCURRY,SITE_KIT_01,DSH_FISHCURRY,2026-01-18,33,34,portion
P_2026-01-18_DSH_SIDES,SITE_KIT_01,DSH_SIDES,2026-01-18,270,270,portion
P_2026-01-19_DSH_CHBIRYANI,SITE_KIT_01,DSH_CHBIRYANI,2026-01-19,39,36,portion
P_2026-01-19_DSH_VGBIRYANI,SITE_KIT_01,DSH_VGBIRYANI,2026-01-19,29,28,portion
P_2026-01-19_DSH_PBM,SITE_KIT_01,DSH_PBM,2026-01-19,57,55,portion
P_2026-01-19_DSH_GOBIMANCH,SITE_KIT_01,DSH_GOBIMANCH,2026-01-19,35,36,portion
P_2026-01-19_DSH_PALAK,SITE_KIT_01,DSH_PALAK,2026-01-19,27,26,portion
P_2026-01-19_DSH_NAAN,SITE_KIT_01,DSH_NAAN,2026-01-19,122,100,portion
P_2026-01-19_DSH_ROTI,SITE_KIT_01,DSH_ROTI,2026-01-19,87,86,portion
P_2026-01-19_DSH_JEERARICE,SITE_KIT_01,DSH_JEERARICE,2026-01-19,41,42,portion
P_2026-01-19_DSH_DALTADKA,SITE_KIT_01,DSH_DALTADKA,2026-01-19,49,50,portion
P_2026-01-19_DSH_ROGANJOSH,SITE_KIT_01,DSH_ROGANJOSH,2026-01-19,16,16,portion
P_2026-01-19_DSH_VEGPULAO,SITE_KIT_01,DSH_VEGPULAO,2026-01-19,22,22,portion
P_2026-01-19_DSH_DOSA,SITE_KIT_01,DSH_DOSA,2026-01-19,70,59,portion
P_2026-01-19_DSH_MIXVEG,SITE_KIT_01,DSH_MIXVEG,2026-01-19,31,32,portion
P_2026-01-19_DSH_FISHCURRY,SITE_KIT_01,DSH_FISHCURRY,2026-01-19,20,21,portion
P_2026-01-19_DSH_SIDES,SITE_KIT_01,DSH_SIDES,2026-01-19,168,168,portion
P_2026-01-20_DSH_CHBIRYANI,SITE_KIT_01,DSH_CHBIRYANI,2026-01-20,41,43,portion
P_2026-01-20_DSH_VGBIRYANI,SITE_KIT_01,DSH_VGBIRYANI,2026-01-20,40,39,portion
P_2026-01-20_DSH_PBM,SITE_KIT_01,DSH_PBM,2026-01-20,48,50,portion
P_2026-01-20_DSH_GOBIMANCH,SITE_KIT_01,DSH_GOBIMANCH,2026-01-20,36,35,portion
P_2026-01-20_DSH_PALAK,SITE_KIT_01,DSH_PALAK,2026-01-20,28,29,portion
P_2026-01-20_DSH_NAAN,SITE_KIT_01,DSH_NAAN,2026-01-20,125,121,portion
P_2026-01-20_DSH_ROTI,SITE_KIT_01,DSH_ROTI,2026-01-20,90,87,portion
P_2026-01-20_DSH_JEERARICE,SITE_KIT_01,DSH_JEERARICE,2026-01-20,42,41,portion
P_2026-01-20_DSH_DALTADKA,SITE_KIT_01,DSH_DALTADKA,2026-01-20,51,53,portion
P_2026-01-20_DSH_ROGANJOSH,SITE_KIT_01,DSH_ROGANJOSH,2026-01-20,17,17,portion
P_2026-01-20_DSH_VEGPULAO,SITE_KIT_01,DSH_VEGPULAO,2026-01-20,23,22,portion
P_2026-01-20_DSH_DOSA,SITE_KIT_01,DSH_DOSA,2026-01-20,69,53,portion
P_2026-01-20_DSH_MIXVEG,SITE_KIT_01,DSH_MIXVEG,2026-01-20,32,33,portion
P_2026-01-20_DSH_FISHCURRY,SITE_KIT_01,DSH_FISHCURRY,2026-01-20,21,21,portion
P_2026-01-20_DSH_SIDES,SITE_KIT_01,DSH_SIDES,2026-01-20,174,174,portion
P_2026-01-21_DSH_CHBIRYANI,SITE_KIT_01,DSH_CHBIRYANI,2026-01-21,39,41,portion
P_2026-01-21_DSH_VGBIRYANI,SITE_KIT_01,DSH_VGBIRYANI,2026-01-21,28,28,portion
P_2026-01-21_DSH_PBM,SITE_KIT_01,DSH_PBM,2026-01-21,45,44,portion
P_2026-01-21_DSH_GOBIMANCH,SITE_KIT_01,DSH_GOBIMANCH,2026-01-21,34,35,portion
P_2026-01-21_DSH_PALAK,SITE_KIT_01,DSH_PALAK,2026-01-21,26,26,portion
P_2026-01-21_DSH_NAAN,SITE_KIT_01,DSH_NAAN,2026-01-21,118,120,portion
P_2026-01-21_DSH_ROTI,SITE_KIT_01,DSH_ROTI,2026-01-21,84,76,portion
P_2026-01-21_DSH_JEERARICE,SITE_KIT_01,DSH_JEERARICE,2026-01-21,40,39,portion
P_2026-01-21_DSH_DALTADKA,SITE_KIT_01,DSH_DALTADKA,2026-01-21,47,47,portion
P_2026-01-21_DSH_ROGANJOSH,SITE_KIT_01,DSH_ROGANJOSH,2026-01-21,17,17,portion
P_2026-01-21_DSH_VEGPULAO,SITE_KIT_01,DSH_VEGPULAO,2026-01-21,22,22,portion
P_2026-01-21_DSH_DOSA,SITE_KIT_01,DSH_DOSA,2026-01-21,77,72,portion
P_2026-01-21_DSH_MIXVEG,SITE_KIT_01,DSH_MIXVEG,2026-01-21,30,30,portion
P_2026-01-21_DSH_FISHCURRY,SITE_KIT_01,DSH_FISHCURRY,2026-01-21,19,19,portion
P_2026-01-21_DSH_SIDES,SITE_KIT_01,DSH_SIDES,2026-01-21,180,180,portion
P_2026-01-22_DSH_CHBIRYANI,SITE_KIT_01,DSH_CHBIRYANI,2026-01-22,48,49,portion
P_2026-01-22_DSH_VGBIRYANI,SITE_KIT_01,DSH_VGBIRYANI,2026-01-22,34,34,portion
P_2026-01-22_DSH_PBM,SITE_KIT_01,DSH_PBM,2026-01-22,56,59,portion
P_2026-01-22_DSH_GOBIMANCH,SITE_KIT_01,DSH_GOBIMANCH,2026-01-22,42,42,portion
P_2026-01-22_DSH_PALAK,SITE_KIT_01,DSH_PALAK,2026-01-22,32,32,portion
P_2026-01-22_DSH_NAAN,SITE_KIT_01,DSH_NAAN,2026-01-22,146,147,portion
P_2026-01-22_DSH_ROTI,SITE_KIT_01,DSH_ROTI,2026-01-22,104,111,portion
P_2026-01-22_DSH_JEERARICE,SITE_KIT_01,DSH_JEERARICE,2026-01-22,49,49,portion
P_2026-01-22_DSH_DALTADKA,SITE_KIT_01,DSH_DALTADKA,2026-01-22,59,60,portion
P_2026-01-22_DSH_ROGANJOSH,SITE_KIT_01,DSH_ROGANJOSH,2026-01-22,21,21,portion
P_2026-01-22_DSH_VEGPULAO,SITE_KIT_01,DSH_VEGPULAO,2026-01-22,27,27,portion
P_2026-01-22_DSH_DOSA,SITE_KIT_01,DSH_DOSA,2026-01-22,70,70,portion
P_2026-01-22_DSH_MIXVEG,SITE_KIT_01,DSH_MIXVEG,2026-01-22,37,37,portion
P_2026-01-22_DSH_FISHCURRY,SITE_KIT_01,DSH_FISHCURRY,2026-01-22,23,23,portion
P_2026-01-22_DSH_SIDES,SITE_KIT_01,DSH_SIDES,2026-01-22,210,210,portion
P_2026-01-23_DSH_CHBIRYANI,SITE_KIT_01,DSH_CHBIRYANI,2026-01-23,84,82,portion
P_2026-01-23_DSH_VGBIRYANI,SITE_KIT_01,DSH_VGBIRYANI,2026-01-23,45,44,portion
P_2026-01-23_DSH_PBM,SITE_KIT_01,DSH_PBM,2026-01-23,73,71,portion
P_2026-01-23_DSH_GOBIMANCH,SITE_KIT_01,DSH_GOBIMANCH,2026-01-23,54,55,portion
P_2026-01-23_DSH_PALAK,SITE_KIT_01,DSH_PALAK,2026-01-23,42,42,portion
P_2026-01-23_DSH_NAAN,SITE_KIT_01,DSH_NAAN,2026-01-23,189,193,portion
P_2026-01-23_DSH_ROTI,SITE_KIT_01,DSH_ROTI,2026-01-23,136,117,portion
P_2026-01-23_DSH_JEERARICE,SITE_KIT_01,DSH_JEERARICE,2026-01-23,64,64,portion
P_2026-01-23_DSH_DALTADKA,SITE_KIT_01,DSH_DALTADKA,2026-01-23,77,76,portion
P_2026-01-23_DSH_ROGANJOSH,SITE_KIT_01,DSH_ROGANJOSH,2026-01-23,35,34,portion
P_2026-01-23_DSH_VEGPULAO,SITE_KIT_01,DSH_VEGPULAO,2026-01-23,35,34,portion
P_2026-01-23_DSH_DOSA,SITE_KIT_01,DSH_DOSA,2026-01-23,76,66,portion
P_2026-01-23_DSH_MIXVEG,SITE_KIT_01,DSH_MIXVEG,2026-01-23,48,45,portion
P_2026-01-23_DSH_FISHCURRY,SITE_KIT_01,DSH_FISHCURRY,2026-01-23,33,33,portion
P_2026-01-23_DSH_SIDES,SITE_KIT_01,DSH_SIDES,2026-01-23,263,263,portion
P_2026-01-24_DSH_CHBIRYANI,SITE_KIT_01,DSH_CHBIRYANI,2026-01-24,78,78,portion
P_2026-01-24_DSH_VGBIRYANI,SITE_KIT_01,DSH_VGBIRYANI,2026-01-24,50,48,portion
P_2026-01-24_DSH_PBM,SITE_KIT_01,DSH_PBM,2026-01-24,81,80,portion
P_2026-01-24_DSH_GOBIMANCH,SITE_KIT_01,DSH_GOBIMANCH,2026-01-24,60,60,portion
P_2026-01-24_DSH_PALAK,SITE_KIT_01,DSH_PALAK,2026-01-24,46,48,portion
P_2026-01-24_DSH_NAAN,SITE_KIT_01,DSH_NAAN,2026-01-24,210,174,portion
P_2026-01-24_DSH_ROTI,SITE_KIT_01,DSH_ROTI,2026-01-24,151,132,portion
P_2026-01-24_DSH_JEERARICE,SITE_KIT_01,DSH_JEERARICE,2026-01-24,71,75,portion
P_2026-01-24_DSH_DALTADKA,SITE_KIT_01,DSH_DALTADKA,2026-01-24,85,85,portion
P_2026-01-24_DSH_ROGANJOSH,SITE_KIT_01,DSH_ROGANJOSH,2026-01-24,38,38,portion
P_2026-01-24_DSH_VEGPULAO,SITE_KIT_01,DSH_VEGPULAO,2026-01-24,39,39,portion
P_2026-01-24_DSH_DOSA,SITE_KIT_01,DSH_DOSA,2026-01-24,85,74,portion
P_2026-01-24_DSH_MIXVEG,SITE_KIT_01,DSH_MIXVEG,2026-01-24,53,56,portion
P_2026-01-24_DSH_FISHCURRY,SITE_KIT_01,DSH_FISHCURRY,2026-01-24,37,37,portion
P_2026-01-24_DSH_SIDES,SITE_KIT_01,DSH_SIDES,2026-01-24,288,288,portion
P_2026-01-25_DSH_CHBIRYANI,SITE_KIT_01,DSH_CHBIRYANI,2026-01-25,69,66,portion
P_2026-01-25_DSH_VGBIRYANI,SITE_KIT_01,DSH_VGBIRYANI,2026-01-25,46,46,portion
P_2026-01-25_DSH_PBM,SITE_KIT_01,DSH_PBM,2026-01-25,75,74,portion
P_2026-01-25_DSH_GOBIMANCH,SITE_KIT_01,DSH_GOBIMANCH,2026-01-25,55,55,portion
P_2026-01-25_DSH_PALAK,SITE_KIT_01,DSH_PALAK,2026-01-25,42,43,portion
P_2026-01-25_DSH_NAAN,SITE_KIT_01,DSH_NAAN,2026-01-25,187,160,portion
P_2026-01-25_DSH_ROTI,SITE_KIT_01,DSH_ROTI,2026-01-25,139,140,portion
P_2026-01-25_DSH_JEERARICE,SITE_KIT_01,DSH_JEERARICE,2026-01-25,65,66,portion
P_2026-01-25_DSH_DALTADKA,SITE_KIT_01,DSH_DALTADKA,2026-01-25,78,79,portion
P_2026-01-25_DSH_ROGANJOSH,SITE_KIT_01,DSH_ROGANJOSH,2026-01-25,34,34,portion
P_2026-01-25_DSH_VEGPULAO,SITE_KIT_01,DSH_VEGPULAO,2026-01-25,36,34,portion
P_2026-01-25_DSH_DOSA,SITE_KIT_01,DSH_DOSA,2026-01-25,91,85,portion
P_2026-01-25_DSH_MIXVEG,SITE_KIT_01,DSH_MIXVEG,2026-01-25,49,48,portion
P_2026-01-25_DSH_FISHCURRY,SITE_KIT_01,DSH_FISHCURRY,2026-01-25,33,34,portion
P_2026-01-25_DSH_SIDES,SITE_KIT_01,DSH_SIDES,2026-01-25,272,272,portion
P_2026-01-26_DSH_CHBIRYANI,SITE_KIT_01,DSH_CHBIRYANI,2026-01-26,51,52,portion
P_2026-01-26_DSH_VGBIRYANI,SITE_KIT_01,DSH_VGBIRYANI,2026-01-26,37,37,portion
P_2026-01-26_DSH_PBM,SITE_KIT_01,DSH_PBM,2026-01-26,75,77,portion
P_2026-01-26_DSH_GOBIMANCH,SITE_KIT_01,DSH_GOBIMANCH,2026-01-26,45,44,portion
P_2026-01-26_DSH_PALAK,SITE_KIT_01,DSH_PALAK,2026-01-26,35,35,portion
P_2026-01-26_DSH_NAAN,SITE_KIT_01,DSH_NAAN,2026-01-26,160,152,portion
P_2026-01-26_DSH_ROTI,SITE_KIT_01,DSH_ROTI,2026-01-26,114,100,portion
P_2026-01-26_DSH_JEERARICE,SITE_KIT_01,DSH_JEERARICE,2026-01-26,53,53,portion
P_2026-01-26_DSH_DALTADKA,SITE_KIT_01,DSH_DALTADKA,2026-01-26,64,65,portion
P_2026-01-26_DSH_ROGANJOSH,SITE_KIT_01,DSH_ROGANJOSH,2026-01-26,21,21,portion
P_2026-01-26_DSH_VEGPULAO,SITE_KIT_01,DSH_VEGPULAO,2026-01-26,29,29,portion
P_2026-01-26_DSH_DOSA,SITE_KIT_01,DSH_DOSA,2026-01-26,91,80,portion
P_2026-01-26_DSH_MIXVEG,SITE_KIT_01,DSH_MIXVEG,2026-01-26,40,41,portion
P_2026-01-26_DSH_FISHCURRY,SITE_KIT_01,DSH_FISHCURRY,2026-01-26,26,26,portion
P_2026-01-26_DSH_SIDES,SITE_KIT_01,DSH_SIDES,2026-01-26,222,222,portion
P_2026-01-27_DSH_CHBIRYANI,SITE_KIT_01,DSH_CHBIRYANI,2026-01-27,41,41,portion
P_2026-01-27_DSH_VGBIRYANI,SITE_KIT_01,DSH_VGBIRYANI,2026-01-27,40,38,portion
P_2026-01-27_DSH_PBM,SITE_KIT_01,DSH_PBM,2026-01-27,49,50,portion
P_2026-01-27_DSH_GOBIMANCH,SITE_KIT_01,DSH_GOBIMANCH,2026-01-27,36,35,portion
P_2026-01-27_DSH_PALAK,SITE_KIT_01,DSH_PALAK,2026-01-27,28,28,portion
P_2026-01-27_DSH_NAAN,SITE_KIT_01,DSH_NAAN,2026-01-27,126,142,portion
P_2026-01-27_DSH_ROTI,SITE_KIT_01,DSH_ROTI,2026-01-27,91,89,portion
P_2026-01-27_DSH_JEERARICE,SITE_KIT_01,DSH_JEERARICE,2026-01-27,43,42,portion
P_2026-01-27_DSH_DALTADKA,SITE_KIT_01,DSH_DALTADKA,2026-01-27,51,49,portion
P_2026-01-27_DSH_ROGANJOSH,SITE_KIT_01,DSH_ROGANJOSH,2026-01-27,17,17,portion
P_2026-01-27_DSH_VEGPULAO,SITE_KIT_01,DSH_VEGPULAO,2026-01-27,23,23,portion
P_2026-01-27_DSH_DOSA,SITE_KIT_01,DSH_DOSA,2026-01-27,69,59,portion
P_2026-01-27_DSH_MIXVEG,SITE_KIT_01,DSH_MIXVEG,2026-01-27,32,32,portion
P_2026-01-27_DSH_FISHCURRY,SITE_KIT_01,DSH_FISHCURRY,2026-01-27,21,22,portion
P_2026-01-27_DSH_SIDES,SITE_KIT_01,DSH_SIDES,2026-01-27,190,190,portion
P_2026-01-28_DSH_CHBIRYANI,SITE_KIT_01,DSH_CHBIRYANI,2026-01-28,39,40,portion
P_2026-01-28_DSH_VGBIRYANI,SITE_KIT_01,DSH_VGBIRYANI,2026-01-28,28,29,portion
P_2026-01-28_DSH_PBM,SITE_KIT_01,DSH_PBM,2026-01-28,46,46,portion
P_2026-01-28_DSH_GOBIMANCH,SITE_KIT_01,DSH_GOBIMANCH,2026-01-28,34,34,portion
P_2026-01-28_DSH_PALAK,SITE_KIT_01,DSH_PALAK,2026-01-28,26,26,portion
P_2026-01-28_DSH_NAAN,SITE_KIT_01,DSH_NAAN,2026-01-28,119,99,portion
P_2026-01-28_DSH_ROTI,SITE_KIT_01,DSH_ROTI,2026-01-28,85,78,portion
P_2026-01-28_DSH_JEERARICE,SITE_KIT_01,DSH_JEERARICE,2026-01-28,40,41,portion
P_2026-01-28_DSH_DALTADKA,SITE_KIT_01,DSH_DALTADKA,2026-01-28,48,51,portion
P_2026-01-28_DSH_ROGANJOSH,SITE_KIT_01,DSH_ROGANJOSH,2026-01-28,17,17,portion
P_2026-01-28_DSH_VEGPULAO,SITE_KIT_01,DSH_VEGPULAO,2026-01-28,22,22,portion
P_2026-01-28_DSH_DOSA,SITE_KIT_01,DSH_DOSA,2026-01-28,78,64,portion
P_2026-01-28_DSH_MIXVEG,SITE_KIT_01,DSH_MIXVEG,2026-01-28,30,30,portion
P_2026-01-28_DSH_FISHCURRY,SITE_KIT_01,DSH_FISHCURRY,2026-01-28,19,18,portion
P_2026-01-28_DSH_SIDES,SITE_KIT_01,DSH_SIDES,2026-01-28,165,165,portion
P_2026-01-29_DSH_CHBIRYANI,SITE_KIT_01,DSH_CHBIRYANI,2026-01-29,48,48,portion
P_2026-01-29_DSH_VGBIRYANI,SITE_KIT_01,DSH_VGBIRYANI,2026-01-29,35,35,portion
P_2026-01-29_DSH_PBM,SITE_KIT_01,DSH_PBM,2026-01-29,56,57,portion
P_2026-01-29_DSH_GOBIMANCH,SITE_KIT_01,DSH_GOBIMANCH,2026-01-29,42,41,portion
P_2026-01-29_DSH_PALAK,SITE_KIT_01,DSH_PALAK,2026-01-29,32,31,portion
P_2026-01-29_DSH_NAAN,SITE_KIT_01,DSH_NAAN,2026-01-29,147,141,portion
P_2026-01-29_DSH_ROTI,SITE_KIT_01,DSH_ROTI,2026-01-29,105,106,portion
P_2026-01-29_DSH_JEERARICE,SITE_KIT_01,DSH_JEERARICE,2026-01-29,49,50,portion
P_2026-01-29_DSH_DALTADKA,SITE_KIT_01,DSH_DALTADKA,2026-01-29,59,59,portion
P_2026-01-29_DSH_ROGANJOSH,SITE_KIT_01,DSH_ROGANJOSH,2026-01-29,22,22,portion
P_2026-01-29_DSH_VEGPULAO,SITE_KIT_01,DSH_VEGPULAO,2026-01-29,27,27,portion
P_2026-01-29_DSH_DOSA,SITE_KIT_01,DSH_DOSA,2026-01-29,71,64,portion
P_2026-01-29_DSH_MIXVEG,SITE_KIT_01,DSH_MIXVEG,2026-01-29,37,37,portion
P_2026-01-29_DSH_FISHCURRY,SITE_KIT_01,DSH_FISHCURRY,2026-01-29,24,25,portion
P_2026-01-29_DSH_SIDES,SITE_KIT_01,DSH_SIDES,2026-01-29,203,203,portion
P_2026-01-30_DSH_CHBIRYANI,SITE_KIT_01,DSH_CHBIRYANI,2026-01-30,85,83,portion
P_2026-01-30_DSH_VGBIRYANI,SITE_KIT_01,DSH_VGBIRYANI,2026-01-30,45,47,portion
P_2026-01-30_DSH_PBM,SITE_KIT_01,DSH_PBM,2026-01-30,74,73,portion
P_2026-01-30_DSH_GOBIMANCH,SITE_KIT_01,DSH_GOBIMANCH,2026-01-30,55,57,portion
P_2026-01-30_DSH_PALAK,SITE_KIT_01,DSH_PALAK,2026-01-30,42,40,portion
P_2026-01-30_DSH_NAAN,SITE_KIT_01,DSH_NAAN,2026-01-30,191,187,portion
P_2026-01-30_DSH_ROTI,SITE_KIT_01,DSH_ROTI,2026-01-30,137,142,portion
P_2026-01-30_DSH_JEERARICE,SITE_KIT_01,DSH_JEERARICE,2026-01-30,64,64,portion
P_2026-01-30_DSH_DALTADKA,SITE_KIT_01,DSH_DALTADKA,2026-01-30,77,82,portion
P_2026-01-30_DSH_ROGANJOSH,SITE_KIT_01,DSH_ROGANJOSH,2026-01-30,35,34,portion
P_2026-01-30_DSH_VEGPULAO,SITE_KIT_01,DSH_VEGPULAO,2026-01-30,35,36,portion
P_2026-01-30_DSH_DOSA,SITE_KIT_01,DSH_DOSA,2026-01-30,76,59,portion
P_2026-01-30_DSH_MIXVEG,SITE_KIT_01,DSH_MIXVEG,2026-01-30,48,50,portion
P_2026-01-30_DSH_FISHCURRY,SITE_KIT_01,DSH_FISHCURRY,2026-01-30,34,34,portion
P_2026-01-30_DSH_SIDES,SITE_KIT_01,DSH_SIDES,2026-01-30,270,270,portion
P_2026-01-31_DSH_CHBIRYANI,SITE_KIT_01,DSH_CHBIRYANI,2026-01-31,78,77,portion
P_2026-01-31_DSH_VGBIRYANI,SITE_KIT_01,DSH_VGBIRYANI,2026-01-31,50,50,portion
P_2026-01-31_DSH_PBM,SITE_KIT_01,DSH_PBM,2026-01-31,82,81,portion
P_2026-01-31_DSH_GOBIMANCH,SITE_KIT_01,DSH_GOBIMANCH,2026-01-31,61,61,portion
P_2026-01-31_DSH_PALAK,SITE_KIT_01,DSH_PALAK,2026-01-31,47,47,portion
P_2026-01-31_DSH_NAAN,SITE_KIT_01,DSH_NAAN,2026-01-31,212,215,portion
P_2026-01-31_DSH_ROTI,SITE_KIT_01,DSH_ROTI,2026-01-31,152,146,portion
P_2026-01-31_DSH_JEERARICE,SITE_KIT_01,DSH_JEERARICE,2026-01-31,72,74,portion
P_2026-01-31_DSH_DALTADKA,SITE_KIT_01,DSH_DALTADKA,2026-01-31,86,85,portion
P_2026-01-31_DSH_ROGANJOSH,SITE_KIT_01,DSH_ROGANJOSH,2026-01-31,38,37,portion
P_2026-01-31_DSH_VEGPULAO,SITE_KIT_01,DSH_VEGPULAO,2026-01-31,39,39,portion
P_2026-01-31_DSH_DOSA,SITE_KIT_01,DSH_DOSA,2026-01-31,86,64,portion
P_2026-01-31_DSH_MIXVEG,SITE_KIT_01,DSH_MIXVEG,2026-01-31,54,55,portion
P_2026-01-31_DSH_FISHCURRY,SITE_KIT_01,DSH_FISHCURRY,2026-01-31,37,38,portion
P_2026-01-31_DSH_SIDES,SITE_KIT_01,DSH_SIDES,2026-01-31,299,299,portion
P_2026-02-01_DSH_CHBIRYANI,SITE_KIT_01,DSH_CHBIRYANI,2026-02-01,70,70,portion
P_2026-02-01_DSH_VGBIRYANI,SITE_KIT_01,DSH_VGBIRYANI,2026-02-01,46,46,portion
P_2026-02-01_DSH_PBM,SITE_KIT_01,DSH_PBM,2026-02-01,75,75,portion
P_2026-02-01_DSH_GOBIMANCH,SITE_KIT_01,DSH_GOBIMANCH,2026-02-01,56,57,portion
P_2026-02-01_DSH_PALAK,SITE_KIT_01,DSH_PALAK,2026-02-01,43,43,portion
P_2026-02-01_DSH_NAAN,SITE_KIT_01,DSH_NAAN,2026-02-01,188,199,portion
P_2026-02-01_DSH_ROTI,SITE_KIT_01,DSH_ROTI,2026-02-01,140,116,portion
P_2026-02-01_DSH_JEERARICE,SITE_KIT_01,DSH_JEERARICE,2026-02-01,66,63,portion
P_2026-02-01_DSH_DALTADKA,SITE_KIT_01,DSH_DALTADKA,2026-02-01,79,83,portion
P_2026-02-01_DSH_ROGANJOSH,SITE_KIT_01,DSH_ROGANJOSH,2026-02-01,34,34,portion
P_2026-02-01_DSH_VEGPULAO,SITE_KIT_01,DSH_VEGPULAO,2026-02-01,36,34,portion
P_2026-02-01_DSH_DOSA,SITE_KIT_01,DSH_DOSA,2026-02-01,92,89,portion
P_2026-02-01_DSH_MIXVEG,SITE_KIT_01,DSH_MIXVEG,2026-02-01,49,49,portion
P_2026-02-01_DSH_FISHCURRY,SITE_KIT_01,DSH_FISHCURRY,2026-02-01,33,33,portion
P_2026-02-01_DSH_SIDES,SITE_KIT_01,DSH_SIDES,2026-02-01,272,272,portion
P_2026-02-02_DSH_CHBIRYANI,SITE_KIT_01,DSH_CHBIRYANI,2026-02-02,39,37,portion
P_2026-02-02_DSH_VGBIRYANI,SITE_KIT_01,DSH_VGBIRYANI,2026-02-02,29,30,portion
P_2026-02-02_DSH_PBM,SITE_KIT_01,DSH_PBM,2026-02-02,58,59,portion
P_2026-02-02_DSH_GOBIMANCH,SITE_KIT_01,DSH_GOBIMANCH,2026-02-02,35,35,portion
P_2026-02-02_DSH_PALAK,SITE_KIT_01,DSH_PALAK,2026-02-02,27,26,portion
P_2026-02-02_DSH_NAAN,SITE_KIT_01,DSH_NAAN,2026-02-02,124,120,portion
P_2026-02-02_DSH_ROTI,SITE_KIT_01,DSH_ROTI,2026-02-02,88,93,portion
P_2026-02-02_DSH_JEERARICE,SITE_KIT_01,DSH_JEERARICE,2026-02-02,41,41,portion
P_2026-02-02_DSH_DALTADKA,SITE_KIT_01,DSH_DALTADKA,2026-02-02,50,49,portion
P_2026-02-02_DSH_ROGANJOSH,SITE_KIT_01,DSH_ROGANJOSH,2026-02-02,16,16,portion
P_2026-02-02_DSH_VEGPULAO,SITE_KIT_01,DSH_VEGPULAO,2026-02-02,23,23,portion
P_2026-02-02_DSH_DOSA,SITE_KIT_01,DSH_DOSA,2026-02-02,71,57,portion
P_2026-02-02_DSH_MIXVEG,SITE_KIT_01,DSH_MIXVEG,2026-02-02,31,31,portion
P_2026-02-02_DSH_FISHCURRY,SITE_KIT_01,DSH_FISHCURRY,2026-02-02,20,20,portion
P_2026-02-02_DSH_SIDES,SITE_KIT_01,DSH_SIDES,2026-02-02,182,182,portion
P_2026-02-03_DSH_CHBIRYANI,SITE_KIT_01,DSH_CHBIRYANI,2026-02-03,41,41,portion
P_2026-02-03_DSH_VGBIRYANI,SITE_KIT_01,DSH_VGBIRYANI,2026-02-03,41,41,portion
P_2026-02-03_DSH_PBM,SITE_KIT_01,DSH_PBM,2026-02-03,49,48,portion
P_2026-02-03_DSH_GOBIMANCH,SITE_KIT_01,DSH_GOBIMANCH,2026-02-03,37,35,portion
P_2026-02-03_DSH_PALAK,SITE_KIT_01,DSH_PALAK,2026-02-03,28,29,portion
P_2026-02-03_DSH_NAAN,SITE_KIT_01,DSH_NAAN,2026-02-03,127,124,portion
P_2026-02-03_DSH_ROTI,SITE_KIT_01,DSH_ROTI,2026-02-03,92,99,portion
P_2026-02-03_DSH_JEERARICE,SITE_KIT_01,DSH_JEERARICE,2026-02-03,43,42,portion
P_2026-02-03_DSH_DALTADKA,SITE_KIT_01,DSH_DALTADKA,2026-02-03,52,52,portion
P_2026-02-03_DSH_ROGANJOSH,SITE_KIT_01,DSH_ROGANJOSH,2026-02-03,17,17,portion
P_2026-02-03_DSH_VEGPULAO,SITE_KIT_01,DSH_VEGPULAO,2026-02-03,24,24,portion
P_2026-02-03_DSH_DOSA,SITE_KIT_01,DSH_DOSA,2026-02-03,70,64,portion
P_2026-02-03_DSH_MIXVEG,SITE_KIT_01,DSH_MIXVEG,2026-02-03,32,32,portion
P_2026-02-03_DSH_FISHCURRY,SITE_KIT_01,DSH_FISHCURRY,2026-02-03,21,21,portion
P_2026-02-03_DSH_SIDES,SITE_KIT_01,DSH_SIDES,2026-02-03,186,186,portion
P_2026-02-04_DSH_CHBIRYANI,SITE_KIT_01,DSH_CHBIRYANI,2026-02-04,45,44,portion
P_2026-02-04_DSH_VGBIRYANI,SITE_KIT_01,DSH_VGBIRYANI,2026-02-04,32,33,portion
P_2026-02-04_DSH_PBM,SITE_KIT_01,DSH_PBM,2026-02-04,52,50,portion
P_2026-02-04_DSH_GOBIMANCH,SITE_KIT_01,DSH_GOBIMANCH,2026-02-04,39,40,portion
P_2026-02-04_DSH_PALAK,SITE_KIT_01,DSH_PALAK,2026-02-04,30,29,portion
P_2026-02-04_DSH_NAAN,SITE_KIT_01,DSH_NAAN,2026-02-04,136,140,portion
P_2026-02-04_DSH_ROTI,SITE_KIT_01,DSH_ROTI,2026-02-04,97,83,portion
P_2026-02-04_DSH_JEERARICE,SITE_KIT_01,DSH_JEERARICE,2026-02-04,46,47,portion
P_2026-02-04_DSH_DALTADKA,SITE_KIT_01,DSH_DALTADKA,2026-02-04,55,54,portion
P_2026-02-04_DSH_ROGANJOSH,SITE_KIT_01,DSH_ROGANJOSH,2026-02-04,19,18,portion
P_2026-02-04_DSH_VEGPULAO,SITE_KIT_01,DSH_VEGPULAO,2026-02-04,25,26,portion
P_2026-02-04_DSH_DOSA,SITE_KIT_01,DSH_DOSA,2026-02-04,89,84,portion
P_2026-02-04_DSH_MIXVEG,SITE_KIT_01,DSH_MIXVEG,2026-02-04,34,32,portion
P_2026-02-04_DSH_FISHCURRY,SITE_KIT_01,DSH_FISHCURRY,2026-02-04,22,22,portion
P_2026-02-04_DSH_SIDES,SITE_KIT_01,DSH_SIDES,2026-02-04,196,196,portion
P_2026-02-05_DSH_CHBIRYANI,SITE_KIT_01,DSH_CHBIRYANI,2026-02-05,49,48,portion
P_2026-02-05_DSH_VGBIRYANI,SITE_KIT_01,DSH_VGBIRYANI,2026-02-05,35,36,portion
P_2026-02-05_DSH_PBM,SITE_KIT_01,DSH_PBM,2026-02-05,57,59,portion
P_2026-02-05_DSH_GOBIMANCH,SITE_KIT_01,DSH_GOBIMANCH,2026-02-05,42,42,portion
P_2026-02-05_DSH_PALAK,SITE_KIT_01,DSH_PALAK,2026-02-05,32,32,portion
P_2026-02-05_DSH_NAAN,SITE_KIT_01,DSH_NAAN,2026-02-05,148,147,portion
P_2026-02-05_DSH_ROTI,SITE_KIT_01,DSH_ROTI,2026-02-05,106,95,portion
P_2026-02-05_DSH_JEERARICE,SITE_KIT_01,DSH_JEERARICE,2026-02-05,50,51,portion
P_2026-02-05_DSH_DALTADKA,SITE_KIT_01,DSH_DALTADKA,2026-02-05,60,60,portion
P_2026-02-05_DSH_ROGANJOSH,SITE_KIT_01,DSH_ROGANJOSH,2026-02-05,22,22,portion
P_2026-02-05_DSH_VEGPULAO,SITE_KIT_01,DSH_VEGPULAO,2026-02-05,27,27,portion
P_2026-02-05_DSH_DOSA,SITE_KIT_01,DSH_DOSA,2026-02-05,71,58,portion
P_2026-02-05_DSH_MIXVEG,SITE_KIT_01,DSH_MIXVEG,2026-02-05,37,37,portion
P_2026-02-05_DSH_FISHCURRY,SITE_KIT_01,DSH_FISHCURRY,2026-02-05,24,23,portion
P_2026-02-05_DSH_SIDES,SITE_KIT_01,DSH_SIDES,2026-02-05,200,200,portion
P_2026-02-06_DSH_CHBIRYANI,SITE_KIT_01,DSH_CHBIRYANI,2026-02-06,86,87,portion
P_2026-02-06_DSH_VGBIRYANI,SITE_KIT_01,DSH_VGBIRYANI,2026-02-06,45,45,portion
P_2026-02-06_DSH_PBM,SITE_KIT_01,DSH_PBM,2026-02-06,74,73,portion
P_2026-02-06_DSH_GOBIMANCH,SITE_KIT_01,DSH_GOBIMANCH,2026-02-06,55,55,portion
P_2026-02-06_DSH_PALAK,SITE_KIT_01,DSH_PALAK,2026-02-06,42,41,portion
P_2026-02-06_DSH_NAAN,SITE_KIT_01,DSH_NAAN,2026-02-06,192,201,portion
P_2026-02-06_DSH_ROTI,SITE_KIT_01,DSH_ROTI,2026-02-06,138,140,portion
P_2026-02-06_DSH_JEERARICE,SITE_KIT_01,DSH_JEERARICE,2026-02-06,65,64,portion
P_2026-02-06_DSH_DALTADKA,SITE_KIT_01,DSH_DALTADKA,2026-02-06,78,76,portion
P_2026-02-06_DSH_ROGANJOSH,SITE_KIT_01,DSH_ROGANJOSH,2026-02-06,35,36,portion
P_2026-02-06_DSH_VEGPULAO,SITE_KIT_01,DSH_VEGPULAO,2026-02-06,36,37,portion
P_2026-02-06_DSH_DOSA,SITE_KIT_01,DSH_DOSA,2026-02-06,77,73,portion
P_2026-02-06_DSH_MIXVEG,SITE_KIT_01,DSH_MIXVEG,2026-02-06,49,51,portion
P_2026-02-06_DSH_FISHCURRY,SITE_KIT_01,DSH_FISHCURRY,2026-02-06,34,33,portion
P_2026-02-06_DSH_SIDES,SITE_KIT_01,DSH_SIDES,2026-02-06,275,275,portion
P_2026-02-07_DSH_CHBIRYANI,SITE_KIT_01,DSH_CHBIRYANI,2026-02-07,79,79,portion
P_2026-02-07_DSH_VGBIRYANI,SITE_KIT_01,DSH_VGBIRYANI,2026-02-07,50,49,portion
P_2026-02-07_DSH_PBM,SITE_KIT_01,DSH_PBM,2026-02-07,83,83,portion
P_2026-02-07_DSH_GOBIMANCH,SITE_KIT_01,DSH_GOBIMANCH,2026-02-07,61,60,portion
P_2026-02-07_DSH_PALAK,SITE_KIT_01,DSH_PALAK,2026-02-07,47,48,portion
P_2026-02-07_DSH_NAAN,SITE_KIT_01,DSH_NAAN,2026-02-07,213,218,portion
P_2026-02-07_DSH_ROTI,SITE_KIT_01,DSH_ROTI,2026-02-07,154,137,portion
P_2026-02-07_DSH_JEERARICE,SITE_KIT_01,DSH_JEERARICE,2026-02-07,72,68,portion
P_2026-02-07_DSH_DALTADKA,SITE_KIT_01,DSH_DALTADKA,2026-02-07,87,87,portion
P_2026-02-07_DSH_ROGANJOSH,SITE_KIT_01,DSH_ROGANJOSH,2026-02-07,38,39,portion
P_2026-02-07_DSH_VEGPULAO,SITE_KIT_01,DSH_VEGPULAO,2026-02-07,40,40,portion
P_2026-02-07_DSH_DOSA,SITE_KIT_01,DSH_DOSA,2026-02-07,87,75,portion
P_2026-02-07_DSH_MIXVEG,SITE_KIT_01,DSH_MIXVEG,2026-02-07,54,53,portion
P_2026-02-07_DSH_FISHCURRY,SITE_KIT_01,DSH_FISHCURRY,2026-02-07,38,39,portion
P_2026-02-07_DSH_SIDES,SITE_KIT_01,DSH_SIDES,2026-02-07,302,302,portion
P_2026-02-08_DSH_CHBIRYANI,SITE_KIT_01,DSH_CHBIRYANI,2026-02-08,76,76,portion
P_2026-02-08_DSH_VGBIRYANI,SITE_KIT_01,DSH_VGBIRYANI,2026-02-08,50,50,portion
P_2026-02-08_DSH_PBM,SITE_KIT_01,DSH_PBM,2026-02-08,82,80,portion
P_2026-02-08_DSH_GOBIMANCH,SITE_KIT_01,DSH_GOBIMANCH,2026-02-08,61,61,portion
P_2026-02-08_DSH_PALAK,SITE_KIT_01,DSH_PALAK,2026-02-08,46,47,portion
P_2026-02-08_DSH_NAAN,SITE_KIT_01,DSH_NAAN,2026-02-08,205,174,portion
P_2026-02-08_DSH_ROTI,SITE_KIT_01,DSH_ROTI,2026-02-08,152,148,portion
P_2026-02-08_DSH_JEERARICE,SITE_KIT_01,DSH_JEERARICE,2026-02-08,71,69,portion
P_2026-02-08_DSH_DALTADKA,SITE_KIT_01,DSH_DALTADKA,2026-02-08,86,85,portion
P_2026-02-08_DSH_ROGANJOSH,SITE_KIT_01,DSH_ROGANJOSH,2026-02-08,37,37,portion
P_2026-02-08_DSH_VEGPULAO,SITE_KIT_01,DSH_VEGPULAO,2026-02-08,39,38,portion
P_2026-02-08_DSH_DOSA,SITE_KIT_01,DSH_DOSA,2026-02-08,100,103,portion
P_2026-02-08_DSH_MIXVEG,SITE_KIT_01,DSH_MIXVEG,2026-02-08,54,53,portion
P_2026-02-08_DSH_FISHCURRY,SITE_KIT_01,DSH_FISHCURRY,2026-02-08,36,35,portion
P_2026-02-08_DSH_SIDES,SITE_KIT_01,DSH_SIDES,2026-02-08,293,293,portion
P_2026-02-09_DSH_CHBIRYANI,SITE_KIT_01,DSH_CHBIRYANI,2026-02-09,40,41,portion
P_2026-02-09_DSH_VGBIRYANI,SITE_KIT_01,DSH_VGBIRYANI,2026-02-09,29,28,portion
P_2026-02-09_DSH_PBM,SITE_KIT_01,DSH_PBM,2026-02-09,58,60,portion
P_2026-02-09_DSH_GOBIMANCH,SITE_KIT_01,DSH_GOBIMANCH,2026-02-09,35,34,portion
P_2026-02-09_DSH_PALAK,SITE_KIT_01,DSH_PALAK,2026-02-09,27,27,portion
P_2026-02-09_DSH_NAAN,SITE_KIT_01,DSH_NAAN,2026-02-09,125,128,portion
P_2026-02-09_DSH_ROTI,SITE_KIT_01,DSH_ROTI,2026-02-09,89,82,portion
P_2026-02-09_DSH_JEERARICE,SITE_KIT_01,DSH_JEERARICE,2026-02-09,42,43,portion
P_2026-02-09_DSH_DALTADKA,SITE_KIT_01,DSH_DALTADKA,2026-02-09,50,50,portion
P_2026-02-09_DSH_ROGANJOSH,SITE_KIT_01,DSH_ROGANJOSH,2026-02-09,17,17,portion
P_2026-02-09_DSH_VEGPULAO,SITE_KIT_01,DSH_VEGPULAO,2026-02-09,23,22,portion
P_2026-02-09_DSH_DOSA,SITE_KIT_01,DSH_DOSA,2026-02-09,71,65,portion
P_2026-02-09_DSH_MIXVEG,SITE_KIT_01,DSH_MIXVEG,2026-02-09,31,31,portion
P_2026-02-09_DSH_FISHCURRY,SITE_KIT_01,DSH_FISHCURRY,2026-02-09,20,21,portion
P_2026-02-09_DSH_SIDES,SITE_KIT_01,DSH_SIDES,2026-02-09,187,187,portion
P_2026-02-10_DSH_CHBIRYANI,SITE_KIT_01,DSH_CHBIRYANI,2026-02-10,42,42,portion
P_2026-02-10_DSH_VGBIRYANI,SITE_KIT_01,DSH_VGBIRYANI,2026-02-10,41,41,portion
P_2026-02-10_DSH_PBM,SITE_KIT_01,DSH_PBM,2026-02-10,50,50,portion
P_2026-02-10_DSH_GOBIMANCH,SITE_KIT_01,DSH_GOBIMANCH,2026-02-10,37,37,portion
P_2026-02-10_DSH_PALAK,SITE_KIT_01,DSH_PALAK,2026-02-10,28,28,portion
P_2026-02-10_DSH_NAAN,SITE_KIT_01,DSH_NAAN,2026-02-10,128,109,portion
P_2026-02-10_DSH_ROTI,SITE_KIT_01,DSH_ROTI,2026-02-10,92,89,portion
P_2026-02-10_DSH_JEERARICE,SITE_KIT_01,DSH_JEERARICE,2026-02-10,43,43,portion
P_2026-02-10_DSH_DALTADKA,SITE_KIT_01,DSH_DALTADKA,2026-02-10,52,52,portion
P_2026-02-10_DSH_ROGANJOSH,SITE_KIT_01,DSH_ROGANJOSH,2026-02-10,18,18,portion
P_2026-02-10_DSH_VEGPULAO,SITE_KIT_01,DSH_VEGPULAO,2026-02-10,24,24,portion
P_2026-02-10_DSH_DOSA,SITE_KIT_01,DSH_DOSA,2026-02-10,70,58,portion
P_2026-02-10_DSH_MIXVEG,SITE_KIT_01,DSH_MIXVEG,2026-02-10,32,32,portion
P_2026-02-10_DSH_FISHCURRY,SITE_KIT_01,DSH_FISHCURRY,2026-02-10,21,21,portion
P_2026-02-10_DSH_SIDES,SITE_KIT_01,DSH_SIDES,2026-02-10,187,187,portion
P_2026-02-11_DSH_CHBIRYANI,SITE_KIT_01,DSH_CHBIRYANI,2026-02-11,45,46,portion
P_2026-02-11_DSH_VGBIRYANI,SITE_KIT_01,DSH_VGBIRYANI,2026-02-11,32,33,portion
P_2026-02-11_DSH_PBM,SITE_KIT_01,DSH_PBM,2026-02-11,53,51,portion
P_2026-02-11_DSH_GOBIMANCH,SITE_KIT_01,DSH_GOBIMANCH,2026-02-11,39,39,portion
P_2026-02-11_DSH_PALAK,SITE_KIT_01,DSH_PALAK,2026-02-11,30,28,portion
P_2026-02-11_DSH_NAAN,SITE_KIT_01,DSH_NAAN,2026-02-11,137,132,portion
P_2026-02-11_DSH_ROTI,SITE_KIT_01,DSH_ROTI,2026-02-11,98,88,portion
P_2026-02-11_DSH_JEERARICE,SITE_KIT_01,DSH_JEERARICE,2026-02-11,46,46,portion
P_2026-02-11_DSH_DALTADKA,SITE_KIT_01,DSH_DALTADKA,2026-02-11,55,54,portion
P_2026-02-11_DSH_ROGANJOSH,SITE_KIT_01,DSH_ROGANJOSH,2026-02-11,19,19,portion
P_2026-02-11_DSH_VEGPULAO,SITE_KIT_01,DSH_VEGPULAO,2026-02-11,25,25,portion
P_2026-02-11_DSH_DOSA,SITE_KIT_01,DSH_DOSA,2026-02-11,90,81,portion
P_2026-02-11_DSH_MIXVEG,SITE_KIT_01,DSH_MIXVEG,2026-02-11,34,32,portion
P_2026-02-11_DSH_FISHCURRY,SITE_KIT_01,DSH_FISHCURRY,2026-02-11,22,22,portion
P_2026-02-11_DSH_SIDES,SITE_KIT_01,DSH_SIDES,2026-02-11,188,188,portion
P_2026-02-12_DSH_CHBIRYANI,SITE_KIT_01,DSH_CHBIRYANI,2026-02-12,49,46,portion
P_2026-02-12_DSH_VGBIRYANI,SITE_KIT_01,DSH_VGBIRYANI,2026-02-12,35,36,portion
P_2026-02-12_DSH_PBM,SITE_KIT_01,DSH_PBM,2026-02-12,57,57,portion
P_2026-02-12_DSH_GOBIMANCH,SITE_KIT_01,DSH_GOBIMANCH,2026-02-12,43,44,portion
P_2026-02-12_DSH_PALAK,SITE_KIT_01,DSH_PALAK,2026-02-12,33,34,portion
P_2026-02-12_DSH_NAAN,SITE_KIT_01,DSH_NAAN,2026-02-12,149,147,portion
P_2026-02-12_DSH_ROTI,SITE_KIT_01,DSH_ROTI,2026-02-12,107,108,portion
P_2026-02-12_DSH_JEERARICE,SITE_KIT_01,DSH_JEERARICE,2026-02-12,50,50,portion
P_2026-02-12_DSH_DALTADKA,SITE_KIT_01,DSH_DALTADKA,2026-02-12,60,57,portion
P_2026-02-12_DSH_ROGANJOSH,SITE_KIT_01,DSH_ROGANJOSH,2026-02-12,22,22,portion
P_2026-02-12_DSH_VEGPULAO,SITE_KIT_01,DSH_VEGPULAO,2026-02-12,28,28,portion
P_2026-02-12_DSH_DOSA,SITE_KIT_01,DSH_DOSA,2026-02-12,72,65,portion
P_2026-02-12_DSH_MIXVEG,SITE_KIT_01,DSH_MIXVEG,2026-02-12,38,36,portion
P_2026-02-12_DSH_FISHCURRY,SITE_KIT_01,DSH_FISHCURRY,2026-02-12,24,24,portion
P_2026-02-12_DSH_SIDES,SITE_KIT_01,DSH_SIDES,2026-02-12,208,208,portion
